Soil_type,Temperature,Humidity,ph,Rainfall,District,Zone,Crop,Label,Suitability
Red loam,29.8,79.0,5.3,1439,Ampara,Dry,Tea,0,Not Suitable
Sandy loam,28.2,63.1,5.6,1035,Ampara,Dry,Tea,0,Not Suitable
Sandy regosol,31.5,74.2,5.8,1012,Ampara,Dry,Tea,0,Not Suitable
Reddish Brown Earth,33.2,64.2,4.7,1109,Ampara,Dry,Tea,0,Not Suitable
Reddish Brown Earth,29.3,70.5,4.9,1259,Ampara,Dry,Tea,0,Not Suitable
Loam,31.6,62.8,5.0,1175,Ampara,Dry,Tea,0,Not Suitable
Red loam,30.4,75.7,5.2,1120,Ampara,Dry,Tea,0,Not Suitable
Red-Yellow Podzolic soils,31.4,60.9,4.7,1365,Ampara,Dry,Tea,0,Not Suitable
Red loam,27.5,79.0,5.6,1579,Ampara,Dry,Tea,0,Not Suitable
Red-Yellow Latosols,29.3,62.0,5.1,1411,Ampara,Dry,Tea,0,Not Suitable
Loamy soils,27.9,69.9,5.7,1021,Ampara,Dry,Tea,0,Not Suitable
Sandy loam,28.9,73.3,5.2,1187,Ampara,Dry,Tea,0,Not Suitable
Sandy loam,31.1,63.7,5.5,1582,Ampara,Dry,Tea,0,Not Suitable
Red loam,34.0,77.9,5.7,1359,Ampara,Dry,Tea,0,Not Suitable
Reddish Brown Earth,27.7,63.9,4.9,1027,Ampara,Dry,Tea,0,Not Suitable
Reddish Brown Earth,29.9,65.4,5.0,1497,Ampara,Dry,Tea,0,Not Suitable
Red-Yellow Podzolic soils,29.1,70.9,5.5,1085,Ampara,Dry,Tea,0,Not Suitable
Red-Yellow Latosols,27.6,79.7,4.8,1463,Ampara,Dry,Tea,0,Not Suitable
Sandy loam,27.0,76.3,5.4,1424,Ampara,Dry,Tea,0,Not Suitable
Red-Yellow Podzolic soils,32.8,61.5,4.7,1215,Ampara,Dry,Tea,0,Not Suitable
Reddish Brown Earth,33.5,72.5,4.6,1199,Ampara,Dry,Tea,0,Not Suitable
Red-Yellow Podzolic soils,29.3,66.5,5.3,1438,Ampara,Dry,Tea,0,Not Suitable
Loamy soils,33.7,69.4,5.4,1072,Ampara,Dry,Tea,0,Not Suitable
Reddish Brown Earth,32.7,71.2,5.1,1463,Ampara,Dry,Tea,0,Not Suitable
Clay loam,30.9,68.6,4.6,1015,Ampara,Dry,Tea,0,Not Suitable
Red-Yellow Latosols,27.2,72.7,5.2,1189,Ampara,Dry,Tea,0,Not Suitable
Sandy regosol,33.8,65.0,5.5,1246,Ampara,Dry,Tea,0,Not Suitable
Sandy loam,28.7,61.5,4.7,1174,Ampara,Dry,Tea,0,Not Suitable
Loam,34.0,76.2,5.6,1380,Ampara,Dry,Tea,0,Not Suitable
Loamy soils,33.0,63.7,5.2,1536,Ampara,Dry,Tea,0,Not Suitable
Loam,33.1,77.9,5.0,1191,Ampara,Dry,Cinnamon,0,Not Suitable
Loam,28.7,68.5,6.7,1491,Ampara,Dry,Cinnamon,0,Not Suitable
Red loam,27.1,70.2,5.3,1250,Ampara,Dry,Cinnamon,0,Not Suitable
Red loam,27.9,66.8,5.5,1566,Ampara,Dry,Cinnamon,0,Not Suitable
Red-Yellow Latosols,30.9,74.1,6.9,1218,Ampara,Dry,Cinnamon,0,Not Suitable
Loam,34.2,65.0,5.5,1298,Ampara,Dry,Cinnamon,0,Not Suitable
Sandy loam,29.1,60.7,5.9,1366,Ampara,Dry,Cinnamon,0,Not Suitable
Sandy loam,27.4,65.6,5.3,1545,Ampara,Dry,Cinnamon,0,Not Suitable
Reddish Brown Earth,28.1,69.8,5.3,1591,Ampara,Dry,Cinnamon,0,Not Suitable
Sandy loam,32.0,75.2,6.4,1143,Ampara,Dry,Cinnamon,0,Not Suitable
Loam,29.8,72.6,6.0,1380,Ampara,Dry,Cinnamon,0,Not Suitable
Red-Yellow Latosols,27.7,76.7,5.2,1192,Ampara,Dry,Cinnamon,0,Not Suitable
Loam,27.3,71.8,4.8,1407,Ampara,Dry,Cinnamon,0,Not Suitable
Sandy regosol,30.8,64.5,5.2,1387,Ampara,Dry,Cinnamon,0,Not Suitable
Loam,32.2,67.7,5.1,1562,Ampara,Dry,Cinnamon,0,Not Suitable
Red-Yellow Latosols,29.6,62.3,6.7,1555,Ampara,Dry,Cinnamon,0,Not Suitable
Sandy loam,28.9,73.2,6.0,1490,Ampara,Dry,Cinnamon,0,Not Suitable
Sandy Clay loam,31.0,64.8,6.8,1056,Ampara,Dry,Cinnamon,0,Not Suitable
Reddish Brown Earth,33.8,72.7,5.6,1203,Ampara,Dry,Cinnamon,0,Not Suitable
Sandy regosol,32.4,77.9,6.5,1532,Ampara,Dry,Cinnamon,0,Not Suitable
Sandy loam,31.8,61.7,6.8,1097,Ampara,Dry,Cinnamon,0,Not Suitable
Reddish Brown Earth,31.5,60.2,6.3,1061,Ampara,Dry,Cinnamon,0,Not Suitable
Sandy loam,27.0,63.2,6.3,1329,Ampara,Dry,Cinnamon,0,Not Suitable
Sandy regosol,31.9,64.5,5.3,1427,Ampara,Dry,Cinnamon,0,Not Suitable
Loam,29.4,74.9,6.7,1390,Ampara,Dry,Cinnamon,0,Not Suitable
Red-Yellow Latosols,31.9,71.4,5.6,1056,Ampara,Dry,Cinnamon,0,Not Suitable
Sandy Clay loam,29.0,64.9,5.7,1584,Ampara,Dry,Cinnamon,0,Not Suitable
Sandy regosol,33.7,72.6,5.9,1477,Ampara,Dry,Cinnamon,0,Not Suitable
Red-Yellow Latosols,31.3,69.9,6.4,1117,Ampara,Dry,Cinnamon,0,Not Suitable
Loam,29.1,60.5,5.2,1387,Ampara,Dry,Cinnamon,0,Not Suitable
Reddish Brown Earth,34.1,79.1,6.0,1549,Ampara,Dry,Pepper,0,Not Suitable
Red loam,27.1,78.6,6.8,1257,Ampara,Dry,Pepper,0,Not Suitable
Sandy loam,34.2,77.1,6.0,1177,Ampara,Dry,Pepper,0,Not Suitable
Reddish Brown Earth,33.4,66.3,6.2,1102,Ampara,Dry,Pepper,0,Not Suitable
Sandy regosol,34.0,73.9,5.6,1342,Ampara,Dry,Pepper,0,Not Suitable
Red loam,31.6,79.8,6.2,1084,Ampara,Dry,Pepper,0,Not Suitable
Reddish Brown Earth,33.6,74.8,6.4,1418,Ampara,Dry,Pepper,0,Not Suitable
Red loam,29.7,65.9,6.6,1486,Ampara,Dry,Pepper,0,Not Suitable
Loamy soil,33.5,78.3,6.2,1307,Ampara,Dry,Pepper,0,Not Suitable
Sandy regosol,33.0,73.0,6.5,1421,Ampara,Dry,Pepper,0,Not Suitable
Sandy Clay loam,33.7,66.8,5.6,1225,Ampara,Dry,Pepper,0,Not Suitable
Clay loam,31.3,60.7,6.2,1279,Ampara,Dry,Pepper,0,Not Suitable
Loam,29.1,71.8,5.5,1018,Ampara,Dry,Pepper,0,Not Suitable
Clay loam,33.2,67.2,6.2,1076,Ampara,Dry,Pepper,0,Not Suitable
Clay loam,32.8,64.3,5.6,1374,Ampara,Dry,Pepper,0,Not Suitable
Reddish Brown Earth,27.4,70.6,6.3,1324,Ampara,Dry,Pepper,0,Not Suitable
Sandy regosol,32.4,79.5,5.9,1310,Ampara,Dry,Pepper,0,Not Suitable
Red loam,33.0,65.4,5.6,1263,Ampara,Dry,Pepper,0,Not Suitable
Loam,27.2,79.3,6.4,1502,Ampara,Dry,Pepper,0,Not Suitable
Red-Yellow Latosols,30.1,63.5,5.8,1094,Ampara,Dry,Pepper,0,Not Suitable
Reddish Brown Earth,31.1,74.3,5.9,1396,Ampara,Dry,Pepper,0,Not Suitable
Loam,34.2,74.8,6.3,1333,Ampara,Dry,Pepper,0,Not Suitable
Sandy Clay loam,30.1,65.0,6.5,1214,Ampara,Dry,Pepper,0,Not Suitable
Loamy soil,27.1,62.3,5.6,1028,Ampara,Dry,Pepper,0,Not Suitable
Sandy regosol,33.4,74.1,5.6,1285,Ampara,Dry,Pepper,0,Not Suitable
Red-Yellow Latosols,30.7,69.5,6.1,1104,Ampara,Dry,Pepper,0,Not Suitable
Reddish Brown Earth,30.0,72.3,5.6,1381,Ampara,Dry,Pepper,0,Not Suitable
Clay loam,29.8,72.5,6.6,1302,Ampara,Dry,Pepper,0,Not Suitable
Sandy loam,31.9,63.3,6.3,1042,Ampara,Dry,Pepper,0,Not Suitable
Reddish Brown Earth,27.2,71.7,6.2,1564,Ampara,Dry,Pepper,0,Not Suitable
Sandy loam,29.9,72.9,6.3,1275,Ampara,Dry,Areca-nut,0,Not Suitable
Clay loam,34.1,67.7,6.9,1577,Ampara,Dry,Areca-nut,0,Not Suitable
Loamy soil,28.5,61.4,5.5,1060,Ampara,Dry,Areca-nut,0,Not Suitable
Sandy regosol,27.7,73.7,6.0,1043,Ampara,Dry,Areca-nut,0,Not Suitable
Red loam,33.3,60.5,5.9,1489,Ampara,Dry,Areca-nut,0,Not Suitable
Reddish Brown Earth,27.9,73.9,6.8,1377,Ampara,Dry,Areca-nut,0,Not Suitable
Clay loam,32.5,76.1,5.8,1169,Ampara,Dry,Areca-nut,0,Not Suitable
Reddish Brown Earth,32.6,76.1,6.1,1594,Ampara,Dry,Areca-nut,0,Not Suitable
Loamy soils,29.8,75.5,6.9,1204,Ampara,Dry,Areca-nut,0,Not Suitable
Loamy soil,33.4,68.6,6.6,1451,Ampara,Dry,Areca-nut,0,Not Suitable
Loamy soils,27.8,78.1,6.7,1303,Ampara,Dry,Areca-nut,0,Not Suitable
Loam,29.4,77.9,5.5,1234,Ampara,Dry,Areca-nut,0,Not Suitable
Sandy regosol,33.8,61.8,6.9,1192,Ampara,Dry,Areca-nut,0,Not Suitable
Loam,34.1,71.5,6.2,1379,Ampara,Dry,Areca-nut,0,Not Suitable
Reddish Brown Earth,29.2,66.6,6.6,1404,Ampara,Dry,Areca-nut,0,Not Suitable
Sandy regosol,32.9,75.8,6.2,1055,Ampara,Dry,Areca-nut,0,Not Suitable
Loamy soil,27.4,71.0,6.8,1265,Ampara,Dry,Areca-nut,0,Not Suitable
Loamy soil,29.6,62.3,6.6,1086,Ampara,Dry,Areca-nut,0,Not Suitable
Clay loam,31.6,62.0,6.6,1050,Ampara,Dry,Areca-nut,0,Not Suitable
Reddish Brown Earth,27.5,76.4,5.6,1424,Ampara,Dry,Areca-nut,0,Not Suitable
Loam,27.6,79.7,6.1,1225,Ampara,Dry,Areca-nut,0,Not Suitable
Loamy soils,33.1,78.9,6.6,1592,Ampara,Dry,Areca-nut,0,Not Suitable
Red loam,29.8,61.7,6.3,1466,Ampara,Dry,Areca-nut,0,Not Suitable
Sandy loam,30.2,78.1,6.2,1067,Ampara,Dry,Areca-nut,0,Not Suitable
Red loam,27.1,69.4,5.7,1034,Ampara,Dry,Areca-nut,0,Not Suitable
Loam,27.9,73.0,6.4,1448,Ampara,Dry,Areca-nut,0,Not Suitable
Loam,34.2,67.5,6.8,1171,Ampara,Dry,Areca-nut,0,Not Suitable
Loamy soil,28.7,79.3,7.0,1007,Ampara,Dry,Areca-nut,0,Not Suitable
Red loam,27.3,77.8,7.0,1317,Ampara,Dry,Areca-nut,0,Not Suitable
Loamy soil,27.6,71.1,6.3,1582,Ampara,Dry,Areca-nut,0,Not Suitable
Loamy soils,32.0,73.3,5.3,1173,Anuradhapura,Dry,Tea,0,Not Suitable
Red-Yellow Latosols,31.7,77.8,4.9,927,Anuradhapura,Dry,Tea,0,Not Suitable
Clay loam,34.6,77.6,5.3,1173,Anuradhapura,Dry,Tea,0,Not Suitable
Red-Yellow Podzolic soils,29.2,62.1,5.0,1178,Anuradhapura,Dry,Tea,0,Not Suitable
Sandy regosol,31.7,59.7,5.8,1485,Anuradhapura,Dry,Tea,0,Not Suitable
Red-Yellow Podzolic soils,32.6,69.8,5.6,1086,Anuradhapura,Dry,Tea,0,Not Suitable
Sandy loam,32.5,61.6,5.6,1447,Anuradhapura,Dry,Tea,0,Not Suitable
Red loam,34.6,74.0,5.0,1268,Anuradhapura,Dry,Tea,0,Not Suitable
Red-Yellow Podzolic soils,34.5,77.1,4.5,927,Anuradhapura,Dry,Tea,0,Not Suitable
Sandy regosol,30.0,75.8,4.7,1492,Anuradhapura,Dry,Tea,0,Not Suitable
Loamy soil,31.8,66.4,5.6,1482,Anuradhapura,Dry,Tea,0,Not Suitable
Red loam,33.7,68.3,4.9,1149,Anuradhapura,Dry,Tea,0,Not Suitable
Sandy regosol,27.5,77.0,5.8,1388,Anuradhapura,Dry,Tea,0,Not Suitable
Loamy soils,35.0,70.2,5.7,1361,Anuradhapura,Dry,Tea,0,Not Suitable
Loam,33.8,63.4,4.7,1170,Anuradhapura,Dry,Tea,0,Not Suitable
Clay loam,34.6,71.3,5.4,1037,Anuradhapura,Dry,Tea,0,Not Suitable
Sandy loam,31.9,65.9,5.4,968,Anuradhapura,Dry,Tea,0,Not Suitable
Sandy regosol,31.2,75.0,5.6,1212,Anuradhapura,Dry,Tea,0,Not Suitable
Red-Yellow Podzolic soils,31.4,70.3,5.0,1426,Anuradhapura,Dry,Tea,0,Not Suitable
Loam,28.1,58.6,5.3,1353,Anuradhapura,Dry,Tea,0,Not Suitable
Red-Yellow Podzolic soils,32.6,62.7,4.5,982,Anuradhapura,Dry,Tea,0,Not Suitable
Red loam,29.8,71.0,5.1,1135,Anuradhapura,Dry,Tea,0,Not Suitable
Sandy regosol,34.2,65.7,5.5,1208,Anuradhapura,Dry,Tea,0,Not Suitable
Red-Yellow Podzolic soils,30.2,71.7,5.7,1417,Anuradhapura,Dry,Tea,0,Not Suitable
Red-Yellow Latosols,28.2,78.4,4.8,1195,Anuradhapura,Dry,Tea,0,Not Suitable
Reddish Brown Earth,30.7,79.6,4.9,1196,Anuradhapura,Dry,Tea,0,Not Suitable
Loam,32.1,63.3,4.7,946,Anuradhapura,Dry,Tea,0,Not Suitable
Loamy soil,28.0,61.3,5.3,983,Anuradhapura,Dry,Tea,0,Not Suitable
Loam,28.5,65.6,5.1,1438,Anuradhapura,Dry,Tea,0,Not Suitable
Red-Yellow Podzolic soils,32.3,61.8,4.6,1015,Anuradhapura,Dry,Tea,0,Not Suitable
Red-Yellow Latosols,28.4,64.1,5.0,1006,Anuradhapura,Dry,Cinnamon,0,Not Suitable
Sandy regosol,28.0,68.1,5.6,1024,Anuradhapura,Dry,Cinnamon,0,Not Suitable
Sandy loam,31.0,73.2,6.6,924,Anuradhapura,Dry,Cinnamon,0,Not Suitable
Sandy regosol,32.0,59.8,6.8,1424,Anuradhapura,Dry,Cinnamon,0,Not Suitable
Loam,27.5,64.1,6.4,1384,Anuradhapura,Dry,Cinnamon,0,Not Suitable
Reddish Brown Earth,28.5,62.6,5.9,1122,Anuradhapura,Dry,Cinnamon,0,Not Suitable
Sandy loam,31.9,66.1,6.4,1178,Anuradhapura,Dry,Cinnamon,0,Not Suitable
Sandy loam,27.3,63.6,6.8,1328,Anuradhapura,Dry,Cinnamon,0,Not Suitable
Loam,31.1,69.7,5.8,964,Anuradhapura,Dry,Cinnamon,0,Not Suitable
Red-Yellow Latosols,31.3,63.3,5.6,1062,Anuradhapura,Dry,Cinnamon,0,Not Suitable
Red-Yellow Latosols,27.2,65.1,5.5,1027,Anuradhapura,Dry,Cinnamon,0,Not Suitable
Loam,28.0,77.6,6.3,1256,Anuradhapura,Dry,Cinnamon,0,Not Suitable
Red loam,33.3,69.0,6.0,952,Anuradhapura,Dry,Cinnamon,0,Not Suitable
Sandy loam,31.7,74.4,5.1,1159,Anuradhapura,Dry,Cinnamon,0,Not Suitable
Red loam,29.3,66.0,6.1,1288,Anuradhapura,Dry,Cinnamon,0,Not Suitable
Sandy regosol,29.8,79.7,5.3,1263,Anuradhapura,Dry,Cinnamon,0,Not Suitable
Sandy loam,27.8,61.4,5.2,1048,Anuradhapura,Dry,Cinnamon,0,Not Suitable
Sandy loam,28.5,64.3,6.8,1004,Anuradhapura,Dry,Cinnamon,0,Not Suitable
Sandy Clay loam,27.6,69.5,7.0,1146,Anuradhapura,Dry,Cinnamon,0,Not Suitable
Reddish Brown Earth,27.9,66.8,6.7,1482,Anuradhapura,Dry,Cinnamon,0,Not Suitable
Red-Yellow Latosols,33.5,63.7,6.3,1003,Anuradhapura,Dry,Cinnamon,0,Not Suitable
Sandy loam,34.4,70.2,5.4,1243,Anuradhapura,Dry,Cinnamon,0,Not Suitable
Red-Yellow Latosols,33.2,62.1,5.7,1094,Anuradhapura,Dry,Cinnamon,0,Not Suitable
Sandy regosol,31.1,63.3,6.1,969,Anuradhapura,Dry,Cinnamon,0,Not Suitable
Red-Yellow Latosols,29.3,70.8,5.9,993,Anuradhapura,Dry,Cinnamon,0,Not Suitable
Red loam,31.3,59.1,5.1,1102,Anuradhapura,Dry,Cinnamon,0,Not Suitable
Red loam,27.5,79.8,6.6,1093,Anuradhapura,Dry,Cinnamon,0,Not Suitable
Sandy Clay loam,29.0,73.0,6.1,1356,Anuradhapura,Dry,Cinnamon,0,Not Suitable
Reddish Brown Earth,30.8,67.1,6.8,1109,Anuradhapura,Dry,Cinnamon,0,Not Suitable
Sandy regosol,33.6,79.2,6.4,975,Anuradhapura,Dry,Cinnamon,0,Not Suitable
Loam,34.5,62.0,6.5,940,Anuradhapura,Dry,Pepper,0,Not Suitable
Sandy regosol,31.6,76.5,6.5,984,Anuradhapura,Dry,Pepper,0,Not Suitable
Red-Yellow Latosols,28.6,61.6,6.6,999,Anuradhapura,Dry,Pepper,0,Not Suitable
Loamy soil,32.3,69.5,6.6,1115,Anuradhapura,Dry,Pepper,0,Not Suitable
Reddish Brown Earth,30.1,76.0,6.0,1163,Anuradhapura,Dry,Pepper,0,Not Suitable
Red-Yellow Latosols,30.7,64.6,6.2,1349,Anuradhapura,Dry,Pepper,0,Not Suitable
Reddish Brown Earth,28.9,77.8,6.2,1130,Anuradhapura,Dry,Pepper,0,Not Suitable
Sandy regosol,34.3,71.7,6.7,970,Anuradhapura,Dry,Pepper,0,Not Suitable
Loamy soil,32.0,65.4,6.5,984,Anuradhapura,Dry,Pepper,0,Not Suitable
Clay loam,32.0,69.7,6.5,1436,Anuradhapura,Dry,Pepper,0,Not Suitable
Sandy Clay loam,28.2,64.9,6.5,1049,Anuradhapura,Dry,Pepper,0,Not Suitable
Red-Yellow Latosols,27.3,70.5,6.6,1357,Anuradhapura,Dry,Pepper,0,Not Suitable
Sandy Clay loam,29.7,76.1,6.6,966,Anuradhapura,Dry,Pepper,0,Not Suitable
Red loam,28.0,66.7,5.7,1378,Anuradhapura,Dry,Pepper,0,Not Suitable
Reddish Brown Earth,28.8,73.9,6.3,1332,Anuradhapura,Dry,Pepper,0,Not Suitable
Reddish Brown Earth,32.6,69.9,5.9,1051,Anuradhapura,Dry,Pepper,0,Not Suitable
Red loam,28.5,78.0,6.0,1250,Anuradhapura,Dry,Pepper,0,Not Suitable
Clay loam,30.7,78.8,6.3,992,Anuradhapura,Dry,Pepper,0,Not Suitable
Sandy loam,31.0,71.5,6.6,911,Anuradhapura,Dry,Pepper,0,Not Suitable
Red-Yellow Latosols,34.5,70.4,6.7,1318,Anuradhapura,Dry,Pepper,0,Not Suitable
Reddish Brown Earth,32.7,61.4,6.3,1246,Anuradhapura,Dry,Pepper,0,Not Suitable
Reddish Brown Earth,30.4,74.2,6.7,1461,Anuradhapura,Dry,Pepper,0,Not Suitable
Sandy loam,30.6,60.5,6.6,1491,Anuradhapura,Dry,Pepper,0,Not Suitable
Red loam,28.0,78.3,6.2,1422,Anuradhapura,Dry,Pepper,0,Not Suitable
Sandy loam,31.7,66.8,5.9,933,Anuradhapura,Dry,Pepper,0,Not Suitable
Reddish Brown Earth,33.4,58.1,6.0,1100,Anuradhapura,Dry,Pepper,0,Not Suitable
Red loam,31.3,78.2,6.0,1108,Anuradhapura,Dry,Pepper,0,Not Suitable
Sandy loam,32.9,67.9,6.1,1035,Anuradhapura,Dry,Pepper,0,Not Suitable
Clay loam,28.1,61.9,6.0,1199,Anuradhapura,Dry,Pepper,0,Not Suitable
Red loam,34.3,66.0,6.3,1248,Anuradhapura,Dry,Pepper,0,Not Suitable
Reddish Brown Earth,27.1,72.6,6.9,1007,Anuradhapura,Dry,Areca-nut,0,Not Suitable
Sandy regosol,28.2,67.1,7.0,951,Anuradhapura,Dry,Areca-nut,0,Not Suitable
Loamy soils,31.0,71.1,6.6,940,Anuradhapura,Dry,Areca-nut,0,Not Suitable
Reddish Brown Earth,28.7,77.8,5.8,1023,Anuradhapura,Dry,Areca-nut,0,Not Suitable
Loam,27.3,68.4,5.6,1239,Anuradhapura,Dry,Areca-nut,0,Not Suitable
Loamy soils,33.2,68.0,6.2,1215,Anuradhapura,Dry,Areca-nut,0,Not Suitable
Reddish Brown Earth,30.2,70.3,5.8,993,Anuradhapura,Dry,Areca-nut,0,Not Suitable
Loamy soils,33.9,78.8,5.9,1124,Anuradhapura,Dry,Areca-nut,0,Not Suitable
Loamy soil,32.2,67.0,5.7,915,Anuradhapura,Dry,Areca-nut,0,Not Suitable
Reddish Brown Earth,32.7,72.5,5.8,916,Anuradhapura,Dry,Areca-nut,0,Not Suitable
Red loam,28.8,72.8,5.7,912,Anuradhapura,Dry,Areca-nut,0,Not Suitable
Red loam,33.4,61.9,5.9,1292,Anuradhapura,Dry,Areca-nut,0,Not Suitable
Loamy soil,27.8,63.3,6.8,1333,Anuradhapura,Dry,Areca-nut,0,Not Suitable
Clay loam,33.6,66.7,5.8,1301,Anuradhapura,Dry,Areca-nut,0,Not Suitable
Loamy soil,29.3,77.7,5.6,908,Anuradhapura,Dry,Areca-nut,0,Not Suitable
Loamy soil,28.7,58.6,6.4,1009,Anuradhapura,Dry,Areca-nut,0,Not Suitable
Loamy soils,30.4,77.6,6.0,1390,Anuradhapura,Dry,Areca-nut,0,Not Suitable
Sandy loam,29.1,66.4,5.9,1254,Anuradhapura,Dry,Areca-nut,0,Not Suitable
Red loam,32.0,67.0,6.2,1231,Anuradhapura,Dry,Areca-nut,0,Not Suitable
Sandy loam,29.4,78.9,5.7,1358,Anuradhapura,Dry,Areca-nut,0,Not Suitable
Loamy soil,33.9,68.7,6.7,1437,Anuradhapura,Dry,Areca-nut,0,Not Suitable
Clay loam,30.4,58.5,6.3,1061,Anuradhapura,Dry,Areca-nut,0,Not Suitable
Red loam,32.1,63.7,6.8,984,Anuradhapura,Dry,Areca-nut,0,Not Suitable
Reddish Brown Earth,34.9,69.6,5.9,1003,Anuradhapura,Dry,Areca-nut,0,Not Suitable
Reddish Brown Earth,27.1,78.1,6.4,971,Anuradhapura,Dry,Areca-nut,0,Not Suitable
Reddish Brown Earth,29.2,70.2,6.7,1291,Anuradhapura,Dry,Areca-nut,0,Not Suitable
Loamy soils,28.7,58.2,6.9,982,Anuradhapura,Dry,Areca-nut,0,Not Suitable
Loam,34.0,71.1,6.5,1260,Anuradhapura,Dry,Areca-nut,0,Not Suitable
Loamy soil,28.4,78.1,6.1,1151,Anuradhapura,Dry,Areca-nut,0,Not Suitable
Loam,31.2,59.0,6.6,1000,Anuradhapura,Dry,Areca-nut,0,Not Suitable
Loamy soil,14.9,84.1,5.0,1770,Badulla,Hill,Tea,1,Suitable
Red-Yellow Podzolic soils,17.2,79.1,4.9,2291,Badulla,Hill,Tea,1,Suitable
Clay loam,20.2,81.5,5.7,2230,Badulla,Hill,Tea,1,Suitable
Loam,22.1,76.3,4.8,1534,Badulla,Hill,Tea,1,Suitable
Red-Yellow Podzolic soils,20.5,73.0,5.3,2046,Badulla,Hill,Tea,1,Suitable
Loamy soils,17.7,87.4,4.6,1617,Badulla,Hill,Tea,1,Suitable
Loam,22.0,81.9,5.1,2257,Badulla,Hill,Tea,1,Suitable
Loam,16.7,88.4,5.4,2379,Badulla,Hill,Tea,1,Suitable
Red-Yellow Latosols,17.0,83.8,4.6,1897,Badulla,Hill,Tea,1,Suitable
Loamy soils,24.1,74.7,5.1,2545,Badulla,Hill,Tea,1,Suitable
Loam,16.0,82.8,5.5,2460,Badulla,Hill,Tea,1,Suitable
Loam,22.9,85.2,5.6,2262,Badulla,Hill,Tea,1,Suitable
Clay loam,16.7,81.8,5.8,1743,Badulla,Hill,Tea,1,Suitable
Clay loam,24.4,72.8,5.7,2276,Badulla,Hill,Tea,1,Suitable
Red-Yellow Podzolic soils,16.0,83.4,4.5,2507,Badulla,Hill,Tea,1,Suitable
Red-Yellow Podzolic soils,21.7,77.9,5.8,2517,Badulla,Hill,Tea,1,Suitable
Red-Yellow Podzolic soils,24.4,81.5,5.6,2448,Badulla,Hill,Tea,1,Suitable
Clay loam,17.5,88.6,5.3,1541,Badulla,Hill,Tea,1,Suitable
Red-Yellow Podzolic soils,16.5,74.4,5.4,1585,Badulla,Hill,Tea,1,Suitable
Loam,17.7,86.5,4.9,1572,Badulla,Hill,Tea,1,Suitable
Clay loam,19.9,87.8,5.3,1851,Badulla,Hill,Tea,1,Suitable
Red-Yellow Podzolic soils,23.7,84.3,4.5,1756,Badulla,Hill,Tea,1,Suitable
Loam,23.6,72.4,5.2,2462,Badulla,Hill,Tea,1,Suitable
Red-Yellow Podzolic soils,24.3,88.0,5.0,2598,Badulla,Hill,Tea,1,Suitable
Loamy soil,22.4,80.0,5.3,2028,Badulla,Hill,Tea,1,Suitable
Red-Yellow Podzolic soils,23.6,91.7,5.0,2345,Badulla,Hill,Tea,1,Suitable
Loamy soil,18.6,86.8,4.6,1763,Badulla,Hill,Tea,1,Suitable
Red-Yellow Podzolic soils,17.9,77.7,4.8,1826,Badulla,Hill,Tea,1,Suitable
Red-Yellow Latosols,14.5,72.4,5.1,2586,Badulla,Hill,Tea,1,Suitable
Red-Yellow Latosols,18.2,85.6,5.7,1740,Badulla,Hill,Tea,1,Suitable
Red-Yellow Latosols,22.6,73.8,6.7,1959,Badulla,Hill,Cinnamon,0,Not Suitable
Loamy soil,24.4,81.3,5.2,2175,Badulla,Hill,Cinnamon,0,Not Suitable
Red-Yellow Podzolic soils,24.9,76.6,6.2,2537,Badulla,Hill,Cinnamon,0,Not Suitable
Sandy loam,20.7,82.3,5.2,1754,Badulla,Hill,Cinnamon,0,Not Suitable
Red-Yellow Podzolic soils,16.4,75.7,5.6,2358,Badulla,Hill,Cinnamon,0,Not Suitable
Loam,14.6,91.4,6.8,2472,Badulla,Hill,Cinnamon,0,Not Suitable
Loam,24.9,75.5,6.5,1936,Badulla,Hill,Cinnamon,0,Not Suitable
Red loam,21.7,75.1,5.3,2397,Badulla,Hill,Cinnamon,0,Not Suitable
Loam,16.5,82.7,6.1,2152,Badulla,Hill,Cinnamon,0,Not Suitable
Loam,15.0,89.5,5.1,1792,Badulla,Hill,Cinnamon,0,Not Suitable
Red-Yellow Latosols,23.8,91.1,6.6,2448,Badulla,Hill,Cinnamon,0,Not Suitable
Loamy soil,21.2,83.0,5.7,1596,Badulla,Hill,Cinnamon,0,Not Suitable
Loam,18.1,77.2,5.9,2296,Badulla,Hill,Cinnamon,0,Not Suitable
Clay loam,14.9,76.4,5.0,2252,Badulla,Hill,Cinnamon,0,Not Suitable
Loamy soil,23.4,81.9,6.1,2029,Badulla,Hill,Cinnamon,0,Not Suitable
Clay loam,23.1,79.0,6.0,2246,Badulla,Hill,Cinnamon,0,Not Suitable
Clay loam,16.9,89.6,6.2,2377,Badulla,Hill,Cinnamon,0,Not Suitable
Red-Yellow Podzolic soils,23.4,89.3,6.6,2279,Badulla,Hill,Cinnamon,0,Not Suitable
Sandy Clay loam,21.7,85.6,6.5,2180,Badulla,Hill,Cinnamon,0,Not Suitable
Clay loam,15.7,89.6,4.9,2459,Badulla,Hill,Cinnamon,0,Not Suitable
Red-Yellow Podzolic soils,23.1,74.6,6.4,1869,Badulla,Hill,Cinnamon,0,Not Suitable
Loam,15.8,88.4,5.9,2415,Badulla,Hill,Cinnamon,0,Not Suitable
Clay loam,14.1,77.7,7.0,2179,Badulla,Hill,Cinnamon,0,Not Suitable
Sandy Clay loam,20.9,77.2,6.0,2197,Badulla,Hill,Cinnamon,0,Not Suitable
Red loam,22.6,74.1,6.0,2337,Badulla,Hill,Cinnamon,0,Not Suitable
Sandy loam,24.6,78.8,6.9,2196,Badulla,Hill,Cinnamon,0,Not Suitable
Red-Yellow Podzolic soils,15.1,90.7,4.9,2257,Badulla,Hill,Cinnamon,0,Not Suitable
Red loam,17.3,86.2,6.1,1574,Badulla,Hill,Cinnamon,0,Not Suitable
Red-Yellow Podzolic soils,17.8,84.4,6.7,1550,Badulla,Hill,Cinnamon,0,Not Suitable
Sandy loam,24.7,91.4,5.1,2325,Badulla,Hill,Cinnamon,0,Not Suitable
Red-Yellow Podzolic soils,22.3,72.5,5.9,1524,Badulla,Hill,Pepper,1,Suitable
Clay loam,19.4,87.4,6.1,2252,Badulla,Hill,Pepper,1,Suitable
Red-Yellow Latosols,17.0,91.9,6.1,1969,Badulla,Hill,Pepper,1,Suitable
Red-Yellow Latosols,15.8,87.9,5.8,2263,Badulla,Hill,Pepper,1,Suitable
Loamy soil,14.9,85.6,5.9,2220,Badulla,Hill,Pepper,1,Suitable
Red-Yellow Podzolic soils,24.5,75.0,6.7,1976,Badulla,Hill,Pepper,1,Suitable
Loamy soil,18.6,84.8,5.9,1937,Badulla,Hill,Pepper,1,Suitable
Reddish Brown Earth,24.8,80.2,5.8,2484,Badulla,Hill,Pepper,1,Suitable
Loam,16.3,72.6,6.0,2217,Badulla,Hill,Pepper,1,Suitable
Loam,23.5,81.5,5.7,2565,Badulla,Hill,Pepper,1,Suitable
Red-Yellow Podzolic soils,23.6,87.5,6.6,2348,Badulla,Hill,Pepper,1,Suitable
Sandy Clay loam,22.4,84.5,5.5,1644,Badulla,Hill,Pepper,1,Suitable
Sandy Clay loam,24.1,84.3,6.1,2376,Badulla,Hill,Pepper,1,Suitable
Loam,15.3,74.5,6.1,2254,Badulla,Hill,Pepper,1,Suitable
Loam,16.2,81.8,6.3,1571,Badulla,Hill,Pepper,1,Suitable
Sandy Clay loam,17.0,88.0,6.1,1841,Badulla,Hill,Pepper,1,Suitable
Clay loam,14.1,73.4,6.1,1932,Badulla,Hill,Pepper,1,Suitable
Sandy Clay loam,20.6,77.8,6.6,2264,Badulla,Hill,Pepper,1,Suitable
Loamy soil,22.6,72.8,5.6,2029,Badulla,Hill,Pepper,1,Suitable
Clay loam,16.7,91.7,6.1,1657,Badulla,Hill,Pepper,1,Suitable
Loamy soil,20.8,86.0,5.5,2116,Badulla,Hill,Pepper,1,Suitable
Loam,17.6,82.4,6.0,1597,Badulla,Hill,Pepper,1,Suitable
Clay loam,14.4,73.6,5.7,1937,Badulla,Hill,Pepper,1,Suitable
Loamy soil,20.2,85.8,5.8,2381,Badulla,Hill,Pepper,1,Suitable
Loamy soil,15.8,74.1,6.4,2200,Badulla,Hill,Pepper,1,Suitable
Clay loam,14.3,90.7,6.2,1557,Badulla,Hill,Pepper,1,Suitable
Red-Yellow Podzolic soils,21.8,89.4,6.5,2285,Badulla,Hill,Pepper,1,Suitable
Reddish Brown Earth,17.7,88.3,6.7,1588,Badulla,Hill,Pepper,1,Suitable
Sandy Clay loam,20.0,88.3,6.3,1998,Badulla,Hill,Pepper,1,Suitable
Red-Yellow Latosols,19.8,86.6,5.6,1590,Badulla,Hill,Pepper,1,Suitable
Loamy soil,16.7,75.2,5.8,2459,Badulla,Hill,Areca-nut,0,Not Suitable
Loamy soils,24.7,78.7,6.7,1700,Badulla,Hill,Areca-nut,0,Not Suitable
Sandy loam,21.2,82.0,6.6,2111,Badulla,Hill,Areca-nut,0,Not Suitable
Red loam,16.5,91.9,6.5,2572,Badulla,Hill,Areca-nut,0,Not Suitable
Loamy soils,16.2,85.6,5.5,1579,Badulla,Hill,Areca-nut,0,Not Suitable
Loam,16.8,81.3,6.6,2455,Badulla,Hill,Areca-nut,0,Not Suitable
Red loam,22.2,80.5,6.1,1881,Badulla,Hill,Areca-nut,0,Not Suitable
Sandy loam,24.9,72.8,6.4,2454,Badulla,Hill,Areca-nut,0,Not Suitable
Loamy soils,18.8,86.5,6.8,2035,Badulla,Hill,Areca-nut,0,Not Suitable
Loamy soil,23.9,80.4,6.4,1805,Badulla,Hill,Areca-nut,0,Not Suitable
Red loam,24.0,76.2,6.4,2185,Badulla,Hill,Areca-nut,0,Not Suitable
Loam,22.1,74.6,6.9,2287,Badulla,Hill,Areca-nut,0,Not Suitable
Clay loam,16.0,76.8,5.8,2569,Badulla,Hill,Areca-nut,0,Not Suitable
Loamy soil,23.4,81.8,6.8,1772,Badulla,Hill,Areca-nut,0,Not Suitable
Loam,18.9,82.3,6.4,1895,Badulla,Hill,Areca-nut,0,Not Suitable
Loam,15.8,79.8,5.9,2566,Badulla,Hill,Areca-nut,0,Not Suitable
Red loam,21.2,78.5,5.7,2351,Badulla,Hill,Areca-nut,0,Not Suitable
Loamy soils,24.7,81.1,5.6,1760,Badulla,Hill,Areca-nut,0,Not Suitable
Clay loam,15.9,82.4,6.7,1871,Badulla,Hill,Areca-nut,0,Not Suitable
Loamy soil,18.7,77.0,6.6,2179,Badulla,Hill,Areca-nut,0,Not Suitable
Loamy soil,15.8,75.4,6.6,1540,Badulla,Hill,Areca-nut,0,Not Suitable
Loamy soils,21.3,81.5,6.7,2429,Badulla,Hill,Areca-nut,0,Not Suitable
Clay loam,20.4,89.4,5.7,1726,Badulla,Hill,Areca-nut,0,Not Suitable
Red loam,17.0,73.1,6.9,2084,Badulla,Hill,Areca-nut,0,Not Suitable
Loamy soil,14.4,74.4,6.9,1997,Badulla,Hill,Areca-nut,0,Not Suitable
Clay loam,17.5,82.1,5.7,1546,Badulla,Hill,Areca-nut,0,Not Suitable
Red loam,24.9,91.3,6.9,1505,Badulla,Hill,Areca-nut,0,Not Suitable
Red loam,21.0,89.4,6.3,2000,Badulla,Hill,Areca-nut,0,Not Suitable
Sandy loam,19.4,85.3,5.5,1654,Badulla,Hill,Areca-nut,0,Not Suitable
Loamy soil,17.4,86.1,6.5,1722,Badulla,Hill,Areca-nut,0,Not Suitable
Red-Yellow Podzolic soils,33.8,62.1,5.1,1504,Batticaloa,Dry,Tea,0,Not Suitable
Clay loam,33.1,63.9,5.6,1516,Batticaloa,Dry,Tea,0,Not Suitable
Sandy regosol,33.6,75.0,5.3,1398,Batticaloa,Dry,Tea,0,Not Suitable
Sandy loam,33.1,72.6,5.7,1118,Batticaloa,Dry,Tea,0,Not Suitable
Red loam,31.8,74.9,5.4,1229,Batticaloa,Dry,Tea,0,Not Suitable
Loamy soils,29.8,74.3,5.4,1164,Batticaloa,Dry,Tea,0,Not Suitable
Sandy regosol,34.0,61.1,5.0,1686,Batticaloa,Dry,Tea,0,Not Suitable
Sandy loam,33.1,77.2,5.5,1440,Batticaloa,Dry,Tea,0,Not Suitable
Sandy loam,33.1,68.9,5.4,1296,Batticaloa,Dry,Tea,0,Not Suitable
Loamy soil,32.7,76.8,5.1,1579,Batticaloa,Dry,Tea,0,Not Suitable
Loam,32.7,62.6,4.5,1427,Batticaloa,Dry,Tea,0,Not Suitable
Sandy regosol,29.3,68.1,5.4,1338,Batticaloa,Dry,Tea,0,Not Suitable
Loam,29.7,69.9,5.0,1243,Batticaloa,Dry,Tea,0,Not Suitable
Clay loam,28.6,61.6,5.4,1462,Batticaloa,Dry,Tea,0,Not Suitable
Red-Yellow Podzolic soils,31.3,70.2,5.6,1328,Batticaloa,Dry,Tea,0,Not Suitable
Loamy soils,30.6,70.5,4.9,1115,Batticaloa,Dry,Tea,0,Not Suitable
Red-Yellow Podzolic soils,29.7,68.8,5.2,1448,Batticaloa,Dry,Tea,0,Not Suitable
Sandy loam,31.3,76.8,5.4,1588,Batticaloa,Dry,Tea,0,Not Suitable
Red loam,33.7,60.4,4.5,1217,Batticaloa,Dry,Tea,0,Not Suitable
Red loam,31.5,79.8,5.7,1246,Batticaloa,Dry,Tea,0,Not Suitable
Loam,27.4,80.6,4.6,1311,Batticaloa,Dry,Tea,0,Not Suitable
Red-Yellow Podzolic soils,30.4,65.6,4.9,1271,Batticaloa,Dry,Tea,0,Not Suitable
Sandy loam,32.6,71.9,5.3,1287,Batticaloa,Dry,Tea,0,Not Suitable
Loamy soil,32.0,66.0,4.7,1348,Batticaloa,Dry,Tea,0,Not Suitable
Red-Yellow Latosols,28.3,75.0,5.2,1209,Batticaloa,Dry,Tea,0,Not Suitable
Red-Yellow Podzolic soils,32.0,62.4,4.8,1440,Batticaloa,Dry,Tea,0,Not Suitable
Loam,33.7,70.6,5.2,1584,Batticaloa,Dry,Tea,0,Not Suitable
Loamy soils,27.3,73.9,5.3,1671,Batticaloa,Dry,Tea,0,Not Suitable
Loam,32.7,79.5,4.8,1237,Batticaloa,Dry,Tea,0,Not Suitable
Sandy loam,31.3,69.0,5.7,1604,Batticaloa,Dry,Tea,0,Not Suitable
Loam,29.5,65.2,5.4,1568,Batticaloa,Dry,Cinnamon,0,Not Suitable
Loam,32.8,69.3,5.0,1501,Batticaloa,Dry,Cinnamon,0,Not Suitable
Red-Yellow Latosols,31.4,69.9,5.2,1452,Batticaloa,Dry,Cinnamon,0,Not Suitable
Red-Yellow Latosols,32.2,79.0,5.0,1230,Batticaloa,Dry,Cinnamon,0,Not Suitable
Sandy loam,27.2,74.1,6.0,1464,Batticaloa,Dry,Cinnamon,0,Not Suitable
Loam,28.6,68.6,5.9,1457,Batticaloa,Dry,Cinnamon,0,Not Suitable
Red loam,33.9,63.0,5.7,1517,Batticaloa,Dry,Cinnamon,0,Not Suitable
Sandy Clay loam,30.0,75.8,7.0,1515,Batticaloa,Dry,Cinnamon,0,Not Suitable
Red loam,27.9,62.3,6.1,1535,Batticaloa,Dry,Cinnamon,0,Not Suitable
Sandy Clay loam,28.9,61.7,6.8,1151,Batticaloa,Dry,Cinnamon,0,Not Suitable
Sandy loam,28.3,67.1,5.6,1236,Batticaloa,Dry,Cinnamon,0,Not Suitable
Loam,27.5,71.4,6.6,1141,Batticaloa,Dry,Cinnamon,0,Not Suitable
Red-Yellow Latosols,28.6,71.9,6.2,1628,Batticaloa,Dry,Cinnamon,0,Not Suitable
Sandy regosol,30.7,67.1,6.3,1300,Batticaloa,Dry,Cinnamon,0,Not Suitable
Red-Yellow Latosols,34.0,74.6,6.4,1435,Batticaloa,Dry,Cinnamon,0,Not Suitable
Reddish Brown Earth,30.3,61.3,6.9,1437,Batticaloa,Dry,Cinnamon,0,Not Suitable
Sandy regosol,28.2,75.2,6.0,1221,Batticaloa,Dry,Cinnamon,0,Not Suitable
Sandy Clay loam,27.7,69.9,5.6,1554,Batticaloa,Dry,Cinnamon,0,Not Suitable
Red loam,31.7,77.5,5.3,1656,Batticaloa,Dry,Cinnamon,0,Not Suitable
Red loam,29.8,63.4,6.8,1695,Batticaloa,Dry,Cinnamon,0,Not Suitable
Red-Yellow Latosols,30.8,78.5,6.2,1413,Batticaloa,Dry,Cinnamon,0,Not Suitable
Red loam,27.6,76.6,6.6,1177,Batticaloa,Dry,Cinnamon,0,Not Suitable
Red-Yellow Latosols,32.5,75.6,5.5,1122,Batticaloa,Dry,Cinnamon,0,Not Suitable
Red-Yellow Latosols,28.8,67.9,6.9,1153,Batticaloa,Dry,Cinnamon,0,Not Suitable
Red loam,30.9,66.7,5.8,1338,Batticaloa,Dry,Cinnamon,0,Not Suitable
Reddish Brown Earth,31.2,71.3,5.9,1652,Batticaloa,Dry,Cinnamon,0,Not Suitable
Sandy loam,33.9,78.7,6.8,1225,Batticaloa,Dry,Cinnamon,0,Not Suitable
Red loam,27.8,78.0,6.7,1328,Batticaloa,Dry,Cinnamon,0,Not Suitable
Sandy Clay loam,33.1,77.7,5.5,1574,Batticaloa,Dry,Cinnamon,0,Not Suitable
Loam,27.6,68.9,6.3,1204,Batticaloa,Dry,Cinnamon,0,Not Suitable
Loamy soil,29.4,81.5,6.6,1485,Batticaloa,Dry,Pepper,0,Not Suitable
Reddish Brown Earth,27.9,79.0,6.1,1654,Batticaloa,Dry,Pepper,0,Not Suitable
Sandy regosol,31.2,76.8,6.2,1205,Batticaloa,Dry,Pepper,0,Not Suitable
Loam,29.8,63.2,5.6,1321,Batticaloa,Dry,Pepper,0,Not Suitable
Red loam,27.2,63.0,6.2,1678,Batticaloa,Dry,Pepper,0,Not Suitable
Loamy soil,33.8,69.5,6.2,1287,Batticaloa,Dry,Pepper,0,Not Suitable
Sandy loam,30.1,62.3,5.8,1484,Batticaloa,Dry,Pepper,0,Not Suitable
Sandy Clay loam,31.3,74.3,5.6,1191,Batticaloa,Dry,Pepper,0,Not Suitable
Reddish Brown Earth,32.5,70.1,6.8,1135,Batticaloa,Dry,Pepper,0,Not Suitable
Reddish Brown Earth,27.4,75.3,5.8,1690,Batticaloa,Dry,Pepper,0,Not Suitable
Sandy Clay loam,28.0,62.7,5.6,1282,Batticaloa,Dry,Pepper,0,Not Suitable
Clay loam,31.8,61.4,6.8,1406,Batticaloa,Dry,Pepper,0,Not Suitable
Sandy regosol,32.7,73.5,6.3,1284,Batticaloa,Dry,Pepper,0,Not Suitable
Reddish Brown Earth,30.7,69.4,6.7,1178,Batticaloa,Dry,Pepper,0,Not Suitable
Reddish Brown Earth,30.1,64.3,6.0,1321,Batticaloa,Dry,Pepper,0,Not Suitable
Sandy loam,32.8,76.1,5.5,1562,Batticaloa,Dry,Pepper,0,Not Suitable
Reddish Brown Earth,29.9,70.6,5.8,1112,Batticaloa,Dry,Pepper,0,Not Suitable
Loamy soil,32.3,63.0,5.8,1421,Batticaloa,Dry,Pepper,0,Not Suitable
Clay loam,27.1,65.3,6.5,1686,Batticaloa,Dry,Pepper,0,Not Suitable
Sandy regosol,33.7,70.7,6.2,1166,Batticaloa,Dry,Pepper,0,Not Suitable
Red loam,30.2,78.6,6.1,1159,Batticaloa,Dry,Pepper,0,Not Suitable
Sandy regosol,28.1,67.1,6.1,1542,Batticaloa,Dry,Pepper,0,Not Suitable
Clay loam,29.6,68.7,6.5,1376,Batticaloa,Dry,Pepper,0,Not Suitable
Red-Yellow Latosols,33.2,81.0,5.9,1572,Batticaloa,Dry,Pepper,0,Not Suitable
Loamy soil,31.8,69.6,6.6,1253,Batticaloa,Dry,Pepper,0,Not Suitable
Red-Yellow Latosols,27.3,79.8,6.3,1377,Batticaloa,Dry,Pepper,0,Not Suitable
Clay loam,31.6,79.7,6.3,1482,Batticaloa,Dry,Pepper,0,Not Suitable
Sandy loam,27.5,71.4,6.5,1190,Batticaloa,Dry,Pepper,0,Not Suitable
Red loam,30.6,75.0,5.6,1125,Batticaloa,Dry,Pepper,0,Not Suitable
Sandy regosol,32.0,61.6,5.5,1143,Batticaloa,Dry,Pepper,0,Not Suitable
Loam,33.7,76.2,5.9,1312,Batticaloa,Dry,Areca-nut,0,Not Suitable
Sandy regosol,29.4,77.0,5.8,1497,Batticaloa,Dry,Areca-nut,0,Not Suitable
Sandy loam,28.2,62.2,6.6,1496,Batticaloa,Dry,Areca-nut,0,Not Suitable
Red loam,28.9,60.5,7.0,1149,Batticaloa,Dry,Areca-nut,0,Not Suitable
Loamy soil,29.1,76.9,6.1,1475,Batticaloa,Dry,Areca-nut,0,Not Suitable
Clay loam,28.4,62.7,6.7,1469,Batticaloa,Dry,Areca-nut,0,Not Suitable
Clay loam,31.5,71.7,7.0,1125,Batticaloa,Dry,Areca-nut,0,Not Suitable
Loamy soil,32.6,66.4,6.4,1688,Batticaloa,Dry,Areca-nut,0,Not Suitable
Red loam,31.1,76.5,6.5,1587,Batticaloa,Dry,Areca-nut,0,Not Suitable
Loamy soil,27.9,67.4,5.8,1657,Batticaloa,Dry,Areca-nut,0,Not Suitable
Reddish Brown Earth,29.6,69.5,6.4,1364,Batticaloa,Dry,Areca-nut,0,Not Suitable
Sandy regosol,33.6,65.3,5.8,1173,Batticaloa,Dry,Areca-nut,0,Not Suitable
Sandy loam,33.2,74.2,6.7,1272,Batticaloa,Dry,Areca-nut,0,Not Suitable
Loamy soil,33.0,78.6,5.9,1651,Batticaloa,Dry,Areca-nut,0,Not Suitable
Sandy loam,32.3,70.1,6.6,1605,Batticaloa,Dry,Areca-nut,0,Not Suitable
Reddish Brown Earth,32.4,74.4,6.3,1206,Batticaloa,Dry,Areca-nut,0,Not Suitable
Clay loam,33.9,80.6,5.7,1126,Batticaloa,Dry,Areca-nut,0,Not Suitable
Loamy soil,27.9,76.0,5.8,1591,Batticaloa,Dry,Areca-nut,0,Not Suitable
Red loam,30.5,78.5,6.3,1540,Batticaloa,Dry,Areca-nut,0,Not Suitable
Clay loam,31.1,71.2,6.3,1279,Batticaloa,Dry,Areca-nut,0,Not Suitable
Clay loam,31.8,79.2,6.6,1482,Batticaloa,Dry,Areca-nut,0,Not Suitable
Red loam,28.1,70.2,5.9,1106,Batticaloa,Dry,Areca-nut,0,Not Suitable
Sandy regosol,32.1,81.8,6.1,1160,Batticaloa,Dry,Areca-nut,0,Not Suitable
Sandy regosol,32.6,64.5,6.6,1433,Batticaloa,Dry,Areca-nut,0,Not Suitable
Loamy soil,31.3,64.1,6.7,1313,Batticaloa,Dry,Areca-nut,0,Not Suitable
Clay loam,30.9,60.1,5.6,1557,Batticaloa,Dry,Areca-nut,0,Not Suitable
Loamy soil,32.2,64.5,6.1,1675,Batticaloa,Dry,Areca-nut,0,Not Suitable
Sandy regosol,29.3,63.3,6.8,1283,Batticaloa,Dry,Areca-nut,0,Not Suitable
Loam,34.0,68.1,6.6,1369,Batticaloa,Dry,Areca-nut,0,Not Suitable
Reddish Brown Earth,33.2,73.0,6.1,1335,Batticaloa,Dry,Areca-nut,0,Not Suitable
Red-Yellow Podzolic soils,28.9,74.1,5.0,2296,Colombo,Wet,Tea,1,Suitable
Loamy soil,29.6,75.5,5.1,2271,Colombo,Wet,Tea,1,Suitable
Red-Yellow Podzolic soils,28.5,75.0,5.2,2264,Colombo,Wet,Tea,1,Suitable
Loamy soil,27.9,83.7,5.5,2341,Colombo,Wet,Tea,1,Suitable
Loamy soil,25.9,87.2,4.6,2199,Colombo,Wet,Tea,1,Suitable
Clay loam,24.4,79.3,5.4,2428,Colombo,Wet,Tea,1,Suitable
Red-Yellow Latosols,29.5,82.3,4.7,2152,Colombo,Wet,Tea,1,Suitable
Red-Yellow Latosols,26.3,80.9,4.8,1871,Colombo,Wet,Tea,1,Suitable
Loamy soils,28.2,85.8,5.7,2599,Colombo,Wet,Tea,1,Suitable
Red-Yellow Podzolic soils,28.5,80.7,5.5,2309,Colombo,Wet,Tea,1,Suitable
Red-Yellow Latosols,24.8,80.6,5.0,2472,Colombo,Wet,Tea,1,Suitable
Loam,28.0,83.4,5.0,1948,Colombo,Wet,Tea,1,Suitable
Loamy soils,26.3,74.4,5.6,1819,Colombo,Wet,Tea,1,Suitable
Loamy soils,25.9,82.3,5.7,2039,Colombo,Wet,Tea,1,Suitable
Clay loam,25.8,80.9,5.6,2498,Colombo,Wet,Tea,1,Suitable
Red-Yellow Podzolic soils,25.3,86.8,5.1,2167,Colombo,Wet,Tea,1,Suitable
Red-Yellow Latosols,24.9,75.3,5.1,2382,Colombo,Wet,Tea,1,Suitable
Red-Yellow Latosols,27.1,85.7,4.7,2412,Colombo,Wet,Tea,1,Suitable
Loamy soil,28.3,76.2,5.4,2401,Colombo,Wet,Tea,1,Suitable
Loamy soils,30.7,75.1,4.9,1846,Colombo,Wet,Tea,1,Suitable
Red-Yellow Podzolic soils,25.8,78.0,4.8,2525,Colombo,Wet,Tea,1,Suitable
Red-Yellow Podzolic soils,25.9,86.2,5.5,2160,Colombo,Wet,Tea,1,Suitable
Red-Yellow Podzolic soils,24.5,81.8,4.6,1827,Colombo,Wet,Tea,1,Suitable
Loamy soil,30.3,76.2,5.0,2226,Colombo,Wet,Tea,1,Suitable
Clay loam,26.4,88.4,5.4,1817,Colombo,Wet,Tea,1,Suitable
Red-Yellow Latosols,30.7,83.0,4.6,2549,Colombo,Wet,Tea,1,Suitable
Red-Yellow Podzolic soils,26.9,78.2,5.8,2385,Colombo,Wet,Tea,1,Suitable
Loamy soil,25.8,84.5,5.2,1958,Colombo,Wet,Tea,1,Suitable
Clay loam,27.2,89.6,5.0,2287,Colombo,Wet,Tea,1,Suitable
Loamy soil,24.8,76.4,4.8,1980,Colombo,Wet,Tea,1,Suitable
Clay loam,30.0,83.0,5.1,2219,Colombo,Wet,Cinnamon,1,Suitable
Red-Yellow Latosols,30.0,85.6,6.4,1854,Colombo,Wet,Cinnamon,1,Suitable
Sandy loam,27.8,75.3,5.9,2167,Colombo,Wet,Cinnamon,1,Suitable
Clay loam,25.2,89.1,6.3,2480,Colombo,Wet,Cinnamon,1,Suitable
Red-Yellow Podzolic soils,27.2,80.6,6.0,2321,Colombo,Wet,Cinnamon,1,Suitable
Red-Yellow Latosols,24.4,82.2,5.8,2445,Colombo,Wet,Cinnamon,1,Suitable
Red-Yellow Podzolic soils,24.4,86.6,5.4,1961,Colombo,Wet,Cinnamon,1,Suitable
Red-Yellow Podzolic soils,25.2,79.3,5.9,2405,Colombo,Wet,Cinnamon,1,Suitable
Loamy soils,25.4,88.0,6.7,2504,Colombo,Wet,Cinnamon,0,Not Suitable
Loam,25.7,81.2,6.5,2588,Colombo,Wet,Cinnamon,1,Suitable
Loam,24.2,75.0,6.8,2171,Colombo,Wet,Cinnamon,1,Suitable
Red-Yellow Podzolic soils,27.8,82.0,6.2,1884,Colombo,Wet,Cinnamon,1,Suitable
Sandy Clay loam,29.8,80.1,6.9,2420,Colombo,Wet,Cinnamon,1,Suitable
Clay loam,25.4,82.4,6.5,2030,Colombo,Wet,Cinnamon,1,Suitable
Sandy Clay loam,28.0,84.2,5.7,2438,Colombo,Wet,Cinnamon,1,Suitable
Red loam,30.4,82.5,6.3,1926,Colombo,Wet,Cinnamon,1,Suitable
Red-Yellow Podzolic soils,29.6,79.1,6.8,2486,Colombo,Wet,Cinnamon,1,Suitable
Red loam,25.9,89.7,5.2,1913,Colombo,Wet,Cinnamon,1,Suitable
Sandy Clay loam,25.3,88.3,5.1,2323,Colombo,Wet,Cinnamon,1,Suitable
Red loam,27.1,83.8,6.7,1867,Colombo,Wet,Cinnamon,1,Suitable
Red-Yellow Podzolic soils,29.6,82.1,5.7,2574,Colombo,Wet,Cinnamon,1,Suitable
Loamy soils,30.9,84.7,5.2,2308,Colombo,Wet,Cinnamon,1,Suitable
Loam,30.2,80.8,4.8,1930,Colombo,Wet,Cinnamon,1,Suitable
Clay loam,27.9,82.4,6.8,2375,Colombo,Wet,Cinnamon,1,Suitable
Red loam,24.6,85.7,6.7,1950,Colombo,Wet,Cinnamon,1,Suitable
Red-Yellow Podzolic soils,29.7,82.7,5.5,2368,Colombo,Wet,Cinnamon,1,Suitable
Loamy soils,27.3,87.1,5.6,2167,Colombo,Wet,Cinnamon,1,Suitable
Sandy Clay loam,27.5,87.3,5.2,2068,Colombo,Wet,Cinnamon,1,Suitable
Loam,29.0,87.2,5.3,1881,Colombo,Wet,Cinnamon,1,Suitable
Red-Yellow Podzolic soils,25.0,79.6,6.4,2160,Colombo,Wet,Cinnamon,1,Suitable
Clay loam,28.6,83.9,6.6,2082,Colombo,Wet,Pepper,1,Suitable
Reddish Brown Earth,27.3,89.7,5.7,2307,Colombo,Wet,Pepper,1,Suitable
Loamy soils,28.7,79.2,5.6,2349,Colombo,Wet,Pepper,1,Suitable
Reddish Brown Earth,25.2,87.7,6.6,1982,Colombo,Wet,Pepper,1,Suitable
Loamy soil,26.0,84.3,6.2,2355,Colombo,Wet,Pepper,1,Suitable
Reddish Brown Earth,26.1,77.4,5.9,1827,Colombo,Wet,Pepper,1,Suitable
Sandy Clay loam,28.6,89.0,6.5,2497,Colombo,Wet,Pepper,1,Suitable
Reddish Brown Earth,29.5,84.6,6.7,2008,Colombo,Wet,Pepper,1,Suitable
Loamy soils,28.7,83.0,6.1,1889,Colombo,Wet,Pepper,1,Suitable
Reddish Brown Earth,27.2,87.8,6.0,2237,Colombo,Wet,Pepper,1,Suitable
Reddish Brown Earth,30.8,75.8,5.6,2138,Colombo,Wet,Pepper,1,Suitable
Red-Yellow Latosols,29.2,88.7,6.6,2024,Colombo,Wet,Pepper,1,Suitable
Red-Yellow Podzolic soils,26.0,88.6,6.5,2403,Colombo,Wet,Pepper,1,Suitable
Red-Yellow Latosols,24.1,89.4,5.9,2381,Colombo,Wet,Pepper,1,Suitable
Reddish Brown Earth,29.8,78.5,5.6,2498,Colombo,Wet,Pepper,1,Suitable
Red-Yellow Podzolic soils,28.9,82.7,5.8,1877,Colombo,Wet,Pepper,1,Suitable
Red-Yellow Latosols,24.1,81.5,6.3,2041,Colombo,Wet,Pepper,1,Suitable
Reddish Brown Earth,26.1,78.8,5.6,2395,Colombo,Wet,Pepper,1,Suitable
Clay loam,30.3,87.6,6.3,2334,Colombo,Wet,Pepper,1,Suitable
Red-Yellow Latosols,30.2,77.0,5.8,1863,Colombo,Wet,Pepper,1,Suitable
Red-Yellow Podzolic soils,29.6,74.6,6.8,2266,Colombo,Wet,Pepper,1,Suitable
Red-Yellow Latosols,30.0,82.3,6.6,1851,Colombo,Wet,Pepper,1,Suitable
Loamy soil,28.2,75.8,6.7,1875,Colombo,Wet,Pepper,1,Suitable
Loamy soil,28.7,87.3,6.2,2503,Colombo,Wet,Pepper,1,Suitable
Clay loam,27.6,80.9,6.1,2054,Colombo,Wet,Pepper,1,Suitable
Loamy soils,29.4,83.6,6.1,2514,Colombo,Wet,Pepper,1,Suitable
Loamy soils,28.2,84.1,6.4,2273,Colombo,Wet,Pepper,1,Suitable
Red-Yellow Podzolic soils,25.7,82.2,6.0,1883,Colombo,Wet,Pepper,1,Suitable
Sandy Clay loam,27.4,84.4,6.3,2560,Colombo,Wet,Pepper,1,Suitable
Loamy soils,29.2,82.1,5.6,2307,Colombo,Wet,Pepper,1,Suitable
Red-Yellow Podzolic soils,25.8,79.8,5.6,2178,Colombo,Wet,Areca-nut,1,Suitable
Clay loam,25.0,78.4,6.0,2577,Colombo,Wet,Areca-nut,1,Suitable
Red loam,27.4,77.1,5.9,2289,Colombo,Wet,Areca-nut,1,Suitable
Red loam,25.4,82.3,5.5,1804,Colombo,Wet,Areca-nut,1,Suitable
Loamy soil,25.5,74.6,6.0,1886,Colombo,Wet,Areca-nut,1,Suitable
Sandy loam,29.6,83.2,5.9,2210,Colombo,Wet,Areca-nut,1,Suitable
Red loam,30.5,80.4,6.4,1870,Colombo,Wet,Areca-nut,1,Suitable
Loam,24.8,79.5,6.8,2206,Colombo,Wet,Areca-nut,1,Suitable
Red-Yellow Podzolic soils,27.5,85.2,5.7,2594,Colombo,Wet,Areca-nut,1,Suitable
Red loam,25.9,80.3,6.1,2137,Colombo,Wet,Areca-nut,1,Suitable
Red loam,30.4,85.4,6.0,2286,Colombo,Wet,Areca-nut,1,Suitable
Loam,29.8,89.3,5.5,2457,Colombo,Wet,Areca-nut,1,Suitable
Red loam,28.5,74.8,5.6,2006,Colombo,Wet,Areca-nut,1,Suitable
Sandy loam,28.2,85.0,6.1,1892,Colombo,Wet,Areca-nut,1,Suitable
Loam,27.2,79.9,6.1,1897,Colombo,Wet,Areca-nut,1,Suitable
Loamy soil,29.3,75.1,6.0,1864,Colombo,Wet,Areca-nut,1,Suitable
Red-Yellow Latosols,30.6,84.7,6.0,2343,Colombo,Wet,Areca-nut,1,Suitable
Red loam,28.2,74.2,6.9,2309,Colombo,Wet,Areca-nut,1,Suitable
Red loam,28.3,88.0,5.7,2379,Colombo,Wet,Areca-nut,1,Suitable
Red-Yellow Podzolic soils,30.3,75.1,5.7,2227,Colombo,Wet,Areca-nut,1,Suitable
Sandy loam,24.1,80.8,6.2,2036,Colombo,Wet,Areca-nut,1,Suitable
Red-Yellow Podzolic soils,28.0,74.7,6.3,1898,Colombo,Wet,Areca-nut,1,Suitable
Red-Yellow Latosols,26.4,85.7,6.8,2322,Colombo,Wet,Areca-nut,1,Suitable
Red loam,28.8,80.9,5.9,2338,Colombo,Wet,Areca-nut,1,Suitable
Sandy loam,26.1,86.6,6.7,2157,Colombo,Wet,Areca-nut,1,Suitable
Loam,29.8,87.7,6.1,2533,Colombo,Wet,Areca-nut,1,Suitable
Red loam,26.2,83.3,6.4,2097,Colombo,Wet,Areca-nut,1,Suitable
Loamy soil,28.9,85.0,5.8,2100,Colombo,Wet,Areca-nut,1,Suitable
Red loam,27.0,76.3,6.0,2512,Colombo,Wet,Areca-nut,1,Suitable
Loamy soils,25.1,74.4,6.5,2317,Colombo,Wet,Areca-nut,1,Suitable
Red-Yellow Podzolic soils,25.6,77.1,4.9,2410,Galle,Wet,Tea,1,Suitable
Clay loam,28.1,85.7,4.8,2365,Galle,Wet,Tea,1,Suitable
Red-Yellow Latosols,30.4,83.3,4.7,2688,Galle,Wet,Tea,1,Suitable
Red-Yellow Latosols,26.6,76.4,5.8,2505,Galle,Wet,Tea,1,Suitable
Loam,25.9,76.6,5.0,2031,Galle,Wet,Tea,1,Suitable
Red-Yellow Podzolic soils,24.2,76.4,5.1,2756,Galle,Wet,Tea,1,Suitable
Red-Yellow Latosols,25.2,90.4,5.7,2116,Galle,Wet,Tea,1,Suitable
Red-Yellow Latosols,25.4,90.2,5.6,2603,Galle,Wet,Tea,1,Suitable
Loamy soil,30.4,80.6,5.0,2961,Galle,Wet,Tea,1,Suitable
Loam,25.9,81.4,4.7,2541,Galle,Wet,Tea,1,Suitable
Loam,27.2,84.7,5.6,2762,Galle,Wet,Tea,1,Suitable
Loamy soil,26.3,80.8,4.8,2259,Galle,Wet,Tea,1,Suitable
Red-Yellow Podzolic soils,23.4,81.5,5.8,2270,Galle,Wet,Tea,1,Suitable
Clay loam,27.2,81.6,4.7,2580,Galle,Wet,Tea,1,Suitable
Red-Yellow Podzolic soils,26.3,86.0,5.0,2489,Galle,Wet,Tea,1,Suitable
Clay loam,30.5,90.1,5.2,2623,Galle,Wet,Tea,1,Suitable
Loam,27.7,79.2,4.6,2395,Galle,Wet,Tea,1,Suitable
Loamy soils,26.6,84.7,5.8,2228,Galle,Wet,Tea,1,Suitable
Red-Yellow Podzolic soils,29.8,87.6,5.6,2533,Galle,Wet,Tea,1,Suitable
Loamy soils,24.0,88.6,5.5,2125,Galle,Wet,Tea,1,Suitable
Clay loam,25.1,90.0,4.7,2944,Galle,Wet,Tea,1,Suitable
Red-Yellow Podzolic soils,26.5,91.7,5.6,2483,Galle,Wet,Tea,1,Suitable
Loamy soils,27.4,82.0,4.8,2286,Galle,Wet,Tea,1,Suitable
Loamy soils,28.7,82.2,5.1,2511,Galle,Wet,Tea,1,Suitable
Red-Yellow Podzolic soils,27.3,89.8,5.0,2981,Galle,Wet,Tea,1,Suitable
Loamy soils,29.2,88.2,5.7,2574,Galle,Wet,Tea,1,Suitable
Red-Yellow Podzolic soils,24.5,77.7,5.1,2854,Galle,Wet,Tea,1,Suitable
Loamy soils,29.4,90.3,5.6,2062,Galle,Wet,Tea,1,Suitable
Loam,26.4,84.2,5.7,2627,Galle,Wet,Tea,1,Suitable
Red-Yellow Podzolic soils,23.1,83.6,5.4,2688,Galle,Wet,Tea,1,Suitable
Loam,28.2,78.2,5.6,2299,Galle,Wet,Cinnamon,1,Suitable
Loam,29.0,80.5,6.9,2211,Galle,Wet,Cinnamon,1,Suitable
Sandy loam,23.1,92.0,6.6,2677,Galle,Wet,Cinnamon,0,Not Suitable
Red-Yellow Podzolic soils,25.2,76.2,6.6,2738,Galle,Wet,Cinnamon,1,Suitable
Clay loam,28.6,78.3,6.5,2753,Galle,Wet,Cinnamon,1,Suitable
Loam,27.9,88.3,6.1,2846,Galle,Wet,Cinnamon,0,Not Suitable
Loam,23.7,83.8,5.7,2078,Galle,Wet,Cinnamon,1,Suitable
Red-Yellow Podzolic soils,26.1,77.1,5.0,2349,Galle,Wet,Cinnamon,1,Suitable
Red-Yellow Podzolic soils,29.1,91.2,6.9,2072,Galle,Wet,Cinnamon,1,Suitable
Loam,26.9,80.8,5.9,2077,Galle,Wet,Cinnamon,1,Suitable
Loamy soils,29.0,87.3,5.0,2050,Galle,Wet,Cinnamon,1,Suitable
Red-Yellow Podzolic soils,26.0,80.7,5.4,2232,Galle,Wet,Cinnamon,1,Suitable
Loamy soils,29.0,90.9,6.8,2405,Galle,Wet,Cinnamon,1,Suitable
Sandy Clay loam,25.4,83.6,6.2,2226,Galle,Wet,Cinnamon,1,Suitable
Clay loam,30.3,85.7,6.2,2358,Galle,Wet,Cinnamon,1,Suitable
Red-Yellow Podzolic soils,23.9,90.2,5.8,2503,Galle,Wet,Cinnamon,0,Not Suitable
Sandy Clay loam,27.4,86.0,6.3,2072,Galle,Wet,Cinnamon,1,Suitable
Red-Yellow Latosols,24.8,87.4,6.6,2823,Galle,Wet,Cinnamon,0,Not Suitable
Sandy loam,27.1,84.3,6.5,2143,Galle,Wet,Cinnamon,1,Suitable
Loamy soils,25.0,83.9,5.1,2284,Galle,Wet,Cinnamon,1,Suitable
Clay loam,27.7,76.9,5.5,2749,Galle,Wet,Cinnamon,1,Suitable
Loamy soils,23.0,84.2,5.4,2047,Galle,Wet,Cinnamon,1,Suitable
Red-Yellow Latosols,28.3,77.0,4.8,2839,Galle,Wet,Cinnamon,1,Suitable
Clay loam,24.9,87.9,5.0,2316,Galle,Wet,Cinnamon,1,Suitable
Loam,25.7,80.3,5.5,2843,Galle,Wet,Cinnamon,1,Suitable
Red-Yellow Latosols,28.9,90.3,6.8,2434,Galle,Wet,Cinnamon,1,Suitable
Red loam,25.8,91.4,6.3,2089,Galle,Wet,Cinnamon,1,Suitable
Red loam,26.7,82.2,6.3,2633,Galle,Wet,Cinnamon,1,Suitable
Red-Yellow Podzolic soils,23.0,78.7,6.3,2713,Galle,Wet,Cinnamon,0,Not Suitable
Clay loam,30.2,88.2,6.3,2951,Galle,Wet,Cinnamon,0,Not Suitable
Red-Yellow Podzolic soils,25.2,77.7,6.3,2782,Galle,Wet,Pepper,1,Suitable
Clay loam,23.4,81.8,6.2,2957,Galle,Wet,Pepper,1,Suitable
Red-Yellow Latosols,26.2,83.3,6.0,2209,Galle,Wet,Pepper,1,Suitable
Clay loam,25.8,76.8,6.0,2768,Galle,Wet,Pepper,1,Suitable
Loam,29.2,89.6,6.4,2212,Galle,Wet,Pepper,1,Suitable
Loamy soil,26.5,90.1,6.4,2216,Galle,Wet,Pepper,1,Suitable
Sandy Clay loam,27.6,80.7,6.3,2137,Galle,Wet,Pepper,1,Suitable
Loamy soil,28.5,81.1,6.0,2645,Galle,Wet,Pepper,1,Suitable
Clay loam,28.3,79.2,5.9,2890,Galle,Wet,Pepper,1,Suitable
Loamy soil,25.8,76.9,6.2,2112,Galle,Wet,Pepper,1,Suitable
Loam,25.0,89.4,6.0,2015,Galle,Wet,Pepper,1,Suitable
Sandy Clay loam,25.5,76.3,6.0,2124,Galle,Wet,Pepper,1,Suitable
Reddish Brown Earth,26.7,82.5,6.3,2531,Galle,Wet,Pepper,1,Suitable
Clay loam,23.1,83.4,6.2,2963,Galle,Wet,Pepper,1,Suitable
Sandy Clay loam,28.1,81.0,6.5,2774,Galle,Wet,Pepper,1,Suitable
Loamy soil,26.9,91.6,5.5,2126,Galle,Wet,Pepper,1,Suitable
Reddish Brown Earth,28.8,88.9,5.8,2120,Galle,Wet,Pepper,1,Suitable
Loamy soils,23.1,80.7,6.2,2773,Galle,Wet,Pepper,1,Suitable
Sandy Clay loam,25.6,81.9,5.9,2001,Galle,Wet,Pepper,1,Suitable
Loamy soils,27.8,91.6,5.5,2847,Galle,Wet,Pepper,1,Suitable
Red-Yellow Latosols,29.7,88.5,6.1,2780,Galle,Wet,Pepper,1,Suitable
Reddish Brown Earth,26.0,80.8,5.8,2066,Galle,Wet,Pepper,1,Suitable
Reddish Brown Earth,24.8,83.7,6.1,2747,Galle,Wet,Pepper,1,Suitable
Sandy Clay loam,23.4,91.3,6.5,2943,Galle,Wet,Pepper,1,Suitable
Red-Yellow Latosols,30.4,84.7,5.6,2963,Galle,Wet,Pepper,1,Suitable
Loamy soil,25.7,79.6,5.7,2196,Galle,Wet,Pepper,1,Suitable
Red-Yellow Podzolic soils,27.7,88.5,5.7,2578,Galle,Wet,Pepper,1,Suitable
Clay loam,29.1,86.2,6.4,2388,Galle,Wet,Pepper,1,Suitable
Red-Yellow Latosols,24.9,81.5,5.9,2917,Galle,Wet,Pepper,1,Suitable
Reddish Brown Earth,26.5,90.2,5.6,2708,Galle,Wet,Pepper,1,Suitable
Red-Yellow Podzolic soils,24.1,76.1,6.2,2631,Galle,Wet,Areca-nut,1,Suitable
Sandy loam,24.0,91.3,5.9,2530,Galle,Wet,Areca-nut,1,Suitable
Red loam,26.8,86.9,5.9,2076,Galle,Wet,Areca-nut,1,Suitable
Loamy soil,29.1,83.4,6.1,2547,Galle,Wet,Areca-nut,1,Suitable
Loam,23.3,78.7,5.8,2446,Galle,Wet,Areca-nut,1,Suitable
Sandy loam,23.4,89.5,6.7,2981,Galle,Wet,Areca-nut,1,Suitable
Loamy soil,29.4,79.9,5.8,2961,Galle,Wet,Areca-nut,1,Suitable
Loamy soils,30.1,91.9,7.0,2712,Galle,Wet,Areca-nut,1,Suitable
Sandy loam,27.3,80.2,6.4,2437,Galle,Wet,Areca-nut,1,Suitable
Red-Yellow Podzolic soils,23.5,86.0,5.8,2981,Galle,Wet,Areca-nut,1,Suitable
Loamy soil,28.9,90.5,6.9,2944,Galle,Wet,Areca-nut,1,Suitable
Red-Yellow Latosols,26.9,91.6,5.7,2757,Galle,Wet,Areca-nut,1,Suitable
Loamy soil,26.6,87.5,6.5,2247,Galle,Wet,Areca-nut,1,Suitable
Red-Yellow Latosols,28.0,78.6,6.7,2565,Galle,Wet,Areca-nut,1,Suitable
Red-Yellow Latosols,26.7,76.2,6.0,2009,Galle,Wet,Areca-nut,1,Suitable
Loam,29.9,79.7,5.8,2634,Galle,Wet,Areca-nut,1,Suitable
Red-Yellow Podzolic soils,25.4,89.6,5.6,2729,Galle,Wet,Areca-nut,1,Suitable
Clay loam,26.2,76.5,6.5,2481,Galle,Wet,Areca-nut,1,Suitable
Red-Yellow Podzolic soils,23.9,80.6,6.9,2398,Galle,Wet,Areca-nut,1,Suitable
Red loam,30.4,76.7,6.1,2761,Galle,Wet,Areca-nut,1,Suitable
Sandy loam,25.9,88.1,6.9,2918,Galle,Wet,Areca-nut,1,Suitable
Red-Yellow Podzolic soils,27.3,81.7,5.9,2788,Galle,Wet,Areca-nut,1,Suitable
Sandy loam,27.2,81.7,5.9,2657,Galle,Wet,Areca-nut,1,Suitable
Sandy loam,24.4,90.7,6.3,2102,Galle,Wet,Areca-nut,1,Suitable
Sandy loam,24.7,76.6,5.8,2036,Galle,Wet,Areca-nut,1,Suitable
Loam,29.5,80.5,6.4,2950,Galle,Wet,Areca-nut,1,Suitable
Clay loam,26.3,85.3,6.6,2517,Galle,Wet,Areca-nut,1,Suitable
Red-Yellow Latosols,25.1,81.6,6.9,2894,Galle,Wet,Areca-nut,1,Suitable
Red-Yellow Podzolic soils,29.7,82.7,6.2,2780,Galle,Wet,Areca-nut,1,Suitable
Red loam,26.7,79.3,5.8,2591,Galle,Wet,Areca-nut,1,Suitable
Loamy soil,26.3,87.7,4.6,1966,Gampaha,Wet,Tea,1,Suitable
Clay loam,24.5,89.1,5.0,2206,Gampaha,Wet,Tea,1,Suitable
Loamy soils,29.7,87.4,5.4,2066,Gampaha,Wet,Tea,1,Suitable
Loamy soil,29.4,84.5,5.6,1921,Gampaha,Wet,Tea,1,Suitable
Red-Yellow Latosols,27.8,78.5,4.5,2140,Gampaha,Wet,Tea,1,Suitable
Loamy soils,24.9,86.2,5.0,1800,Gampaha,Wet,Tea,1,Suitable
Red-Yellow Podzolic soils,27.7,74.9,4.8,2578,Gampaha,Wet,Tea,1,Suitable
Red-Yellow Latosols,26.1,78.9,4.5,1984,Gampaha,Wet,Tea,1,Suitable
Red-Yellow Latosols,29.1,89.5,5.4,1979,Gampaha,Wet,Tea,1,Suitable
Loamy soils,29.2,87.6,4.9,2138,Gampaha,Wet,Tea,1,Suitable
Red-Yellow Podzolic soils,26.3,85.4,4.7,2453,Gampaha,Wet,Tea,1,Suitable
Loamy soil,26.6,88.4,5.8,2445,Gampaha,Wet,Tea,1,Suitable
Red-Yellow Latosols,29.3,80.3,5.4,2273,Gampaha,Wet,Tea,1,Suitable
Loamy soils,24.5,82.7,4.7,2367,Gampaha,Wet,Tea,1,Suitable
Loamy soils,29.5,83.3,4.6,2562,Gampaha,Wet,Tea,1,Suitable
Loamy soil,25.9,83.6,5.4,2037,Gampaha,Wet,Tea,1,Suitable
Red-Yellow Podzolic soils,29.3,75.6,5.2,2211,Gampaha,Wet,Tea,1,Suitable
Loamy soils,26.6,88.9,5.4,2462,Gampaha,Wet,Tea,1,Suitable
Loamy soils,29.0,81.4,5.4,2537,Gampaha,Wet,Tea,1,Suitable
Loamy soils,29.1,87.8,5.5,2019,Gampaha,Wet,Tea,1,Suitable
Clay loam,25.4,79.5,5.8,2068,Gampaha,Wet,Tea,1,Suitable
Loam,30.0,85.2,5.2,2382,Gampaha,Wet,Tea,1,Suitable
Loamy soil,30.6,81.9,4.7,2104,Gampaha,Wet,Tea,1,Suitable
Clay loam,29.5,85.8,4.5,2107,Gampaha,Wet,Tea,1,Suitable
Loamy soils,29.9,74.2,5.8,2363,Gampaha,Wet,Tea,1,Suitable
Loam,27.1,77.8,5.6,2364,Gampaha,Wet,Tea,1,Suitable
Loamy soil,27.8,89.5,5.2,1841,Gampaha,Wet,Tea,1,Suitable
Red-Yellow Latosols,29.0,87.8,5.5,1943,Gampaha,Wet,Tea,1,Suitable
Loamy soil,27.9,80.3,5.6,1905,Gampaha,Wet,Tea,1,Suitable
Clay loam,25.1,79.0,5.6,2032,Gampaha,Wet,Tea,1,Suitable
Red-Yellow Podzolic soils,28.7,86.7,6.2,2000,Gampaha,Wet,Cinnamon,1,Suitable
Red-Yellow Podzolic soils,28.0,87.3,4.8,2525,Gampaha,Wet,Cinnamon,0,Not Suitable
Sandy Clay loam,28.7,74.8,5.4,2239,Gampaha,Wet,Cinnamon,1,Suitable
Red-Yellow Latosols,26.1,79.6,5.5,2297,Gampaha,Wet,Cinnamon,1,Suitable
Red-Yellow Latosols,29.1,80.5,6.5,1855,Gampaha,Wet,Cinnamon,1,Suitable
Clay loam,26.0,80.9,5.5,2348,Gampaha,Wet,Cinnamon,1,Suitable
Red-Yellow Podzolic soils,24.4,80.0,6.2,2556,Gampaha,Wet,Cinnamon,1,Suitable
Red-Yellow Latosols,28.7,84.1,5.7,1959,Gampaha,Wet,Cinnamon,1,Suitable
Red-Yellow Podzolic soils,29.3,75.6,5.4,2022,Gampaha,Wet,Cinnamon,1,Suitable
Sandy loam,27.0,89.7,5.9,1854,Gampaha,Wet,Cinnamon,1,Suitable
Loamy soils,25.3,89.5,5.7,1891,Gampaha,Wet,Cinnamon,1,Suitable
Red-Yellow Latosols,29.2,85.3,5.6,2138,Gampaha,Wet,Cinnamon,1,Suitable
Loam,26.8,78.2,5.9,1964,Gampaha,Wet,Cinnamon,1,Suitable
Loamy soils,25.9,78.6,6.9,2325,Gampaha,Wet,Cinnamon,1,Suitable
Red-Yellow Latosols,28.2,75.2,6.9,1860,Gampaha,Wet,Cinnamon,1,Suitable
Loam,26.1,75.5,6.2,2279,Gampaha,Wet,Cinnamon,1,Suitable
Loam,28.5,78.3,6.9,1812,Gampaha,Wet,Cinnamon,1,Suitable
Red-Yellow Latosols,25.8,84.8,6.1,2365,Gampaha,Wet,Cinnamon,1,Suitable
Loamy soils,26.2,78.3,6.7,2278,Gampaha,Wet,Cinnamon,1,Suitable
Sandy Clay loam,30.6,75.7,6.9,1924,Gampaha,Wet,Cinnamon,1,Suitable
Clay loam,29.2,88.1,6.1,1962,Gampaha,Wet,Cinnamon,1,Suitable
Loam,28.9,84.9,4.8,2127,Gampaha,Wet,Cinnamon,1,Suitable
Red-Yellow Latosols,28.1,78.0,6.9,2160,Gampaha,Wet,Cinnamon,1,Suitable
Sandy Clay loam,26.8,87.4,6.3,1951,Gampaha,Wet,Cinnamon,1,Suitable
Sandy Clay loam,30.8,75.6,5.8,1807,Gampaha,Wet,Cinnamon,1,Suitable
Sandy Clay loam,24.6,86.0,5.8,2532,Gampaha,Wet,Cinnamon,0,Not Suitable
Sandy loam,25.8,81.0,4.8,2379,Gampaha,Wet,Cinnamon,1,Suitable
Loamy soils,28.1,83.8,5.3,2310,Gampaha,Wet,Cinnamon,1,Suitable
Loam,29.0,75.5,6.7,1959,Gampaha,Wet,Cinnamon,1,Suitable
Red-Yellow Latosols,29.2,74.2,5.3,1999,Gampaha,Wet,Cinnamon,1,Suitable
Reddish Brown Earth,25.9,78.0,6.1,1850,Gampaha,Wet,Pepper,1,Suitable
Clay loam,29.1,83.7,5.6,2338,Gampaha,Wet,Pepper,1,Suitable
Clay loam,30.7,87.4,6.6,2444,Gampaha,Wet,Pepper,1,Suitable
Sandy Clay loam,30.5,82.7,6.3,1960,Gampaha,Wet,Pepper,1,Suitable
Reddish Brown Earth,29.2,85.8,5.6,2217,Gampaha,Wet,Pepper,1,Suitable
Clay loam,26.6,88.7,6.2,2268,Gampaha,Wet,Pepper,1,Suitable
Loam,25.9,79.9,6.4,2516,Gampaha,Wet,Pepper,1,Suitable
Loamy soils,29.5,81.3,5.8,2304,Gampaha,Wet,Pepper,1,Suitable
Loamy soils,28.9,80.8,6.3,2154,Gampaha,Wet,Pepper,1,Suitable
Red-Yellow Latosols,30.6,75.0,5.9,2460,Gampaha,Wet,Pepper,1,Suitable
Clay loam,27.1,74.4,6.2,2041,Gampaha,Wet,Pepper,1,Suitable
Red-Yellow Podzolic soils,24.4,81.9,5.6,2542,Gampaha,Wet,Pepper,1,Suitable
Clay loam,29.4,80.6,5.8,2324,Gampaha,Wet,Pepper,1,Suitable
Sandy Clay loam,25.1,76.6,5.7,1856,Gampaha,Wet,Pepper,1,Suitable
Red-Yellow Podzolic soils,28.6,88.1,6.4,2451,Gampaha,Wet,Pepper,1,Suitable
Sandy Clay loam,24.8,78.6,5.8,2048,Gampaha,Wet,Pepper,1,Suitable
Reddish Brown Earth,27.6,82.6,6.0,2086,Gampaha,Wet,Pepper,1,Suitable
Reddish Brown Earth,29.8,86.6,6.7,2046,Gampaha,Wet,Pepper,1,Suitable
Red-Yellow Latosols,30.7,79.2,6.2,2084,Gampaha,Wet,Pepper,1,Suitable
Sandy Clay loam,30.6,88.0,6.0,1882,Gampaha,Wet,Pepper,1,Suitable
Red-Yellow Latosols,27.9,82.1,6.6,1955,Gampaha,Wet,Pepper,1,Suitable
Loam,28.7,87.4,6.5,2487,Gampaha,Wet,Pepper,1,Suitable
Clay loam,27.1,83.8,6.4,1928,Gampaha,Wet,Pepper,1,Suitable
Red-Yellow Podzolic soils,25.3,85.1,5.7,1984,Gampaha,Wet,Pepper,1,Suitable
Red-Yellow Podzolic soils,25.2,74.0,6.5,2375,Gampaha,Wet,Pepper,1,Suitable
Red-Yellow Latosols,27.6,76.6,5.5,1867,Gampaha,Wet,Pepper,1,Suitable
Clay loam,25.2,88.3,6.0,1993,Gampaha,Wet,Pepper,1,Suitable
Loamy soils,24.7,77.6,6.3,2215,Gampaha,Wet,Pepper,1,Suitable
Red-Yellow Podzolic soils,25.7,74.9,5.8,2113,Gampaha,Wet,Pepper,1,Suitable
Loamy soils,25.5,89.4,6.2,2293,Gampaha,Wet,Pepper,1,Suitable
Clay loam,26.9,80.9,6.5,2233,Gampaha,Wet,Areca-nut,1,Suitable
Loamy soils,28.9,76.7,6.1,2200,Gampaha,Wet,Areca-nut,1,Suitable
Loam,30.1,84.1,5.7,2226,Gampaha,Wet,Areca-nut,1,Suitable
Red loam,28.2,75.9,5.7,2070,Gampaha,Wet,Areca-nut,1,Suitable
Sandy loam,28.8,77.3,6.8,2113,Gampaha,Wet,Areca-nut,1,Suitable
Sandy loam,25.4,82.1,5.5,2135,Gampaha,Wet,Areca-nut,1,Suitable
Red-Yellow Latosols,29.5,75.1,6.3,2179,Gampaha,Wet,Areca-nut,1,Suitable
Loam,28.4,85.0,5.5,2003,Gampaha,Wet,Areca-nut,1,Suitable
Red-Yellow Podzolic soils,29.1,82.6,6.7,2469,Gampaha,Wet,Areca-nut,1,Suitable
Red-Yellow Latosols,29.9,81.8,6.7,2067,Gampaha,Wet,Areca-nut,1,Suitable
Red-Yellow Latosols,27.2,76.9,6.8,2484,Gampaha,Wet,Areca-nut,1,Suitable
Sandy loam,27.3,75.2,6.7,2110,Gampaha,Wet,Areca-nut,1,Suitable
Clay loam,30.3,77.3,6.8,1854,Gampaha,Wet,Areca-nut,1,Suitable
Red-Yellow Podzolic soils,26.7,82.7,5.6,2574,Gampaha,Wet,Areca-nut,1,Suitable
Red-Yellow Latosols,28.5,75.2,6.7,2100,Gampaha,Wet,Areca-nut,1,Suitable
Red-Yellow Podzolic soils,27.0,90.0,6.0,2247,Gampaha,Wet,Areca-nut,1,Suitable
Red loam,25.5,79.6,5.6,2098,Gampaha,Wet,Areca-nut,1,Suitable
Clay loam,26.6,81.4,6.5,2378,Gampaha,Wet,Areca-nut,1,Suitable
Red-Yellow Podzolic soils,29.0,74.1,6.5,1974,Gampaha,Wet,Areca-nut,1,Suitable
Loamy soils,27.4,74.1,6.7,2444,Gampaha,Wet,Areca-nut,1,Suitable
Red-Yellow Latosols,27.8,75.1,6.4,2413,Gampaha,Wet,Areca-nut,1,Suitable
Loamy soils,29.5,86.0,6.3,2442,Gampaha,Wet,Areca-nut,1,Suitable
Clay loam,25.0,84.7,6.6,2296,Gampaha,Wet,Areca-nut,1,Suitable
Loam,25.2,77.1,6.6,2512,Gampaha,Wet,Areca-nut,1,Suitable
Loamy soils,30.4,86.1,6.5,2278,Gampaha,Wet,Areca-nut,1,Suitable
Red-Yellow Latosols,30.2,83.3,5.7,2306,Gampaha,Wet,Areca-nut,1,Suitable
Red-Yellow Latosols,27.3,85.5,5.8,2017,Gampaha,Wet,Areca-nut,1,Suitable
Sandy loam,26.2,77.9,6.1,1972,Gampaha,Wet,Areca-nut,1,Suitable
Clay loam,30.4,82.1,5.6,1950,Gampaha,Wet,Areca-nut,1,Suitable
Sandy loam,28.9,80.1,6.5,2457,Gampaha,Wet,Areca-nut,1,Suitable
Sandy regosol,33.6,60.4,4.8,1046,Hambantota,Dry,Tea,0,Not Suitable
Loamy soils,34.6,67.7,4.9,862,Hambantota,Dry,Tea,0,Not Suitable
Sandy regosol,29.3,68.9,5.3,809,Hambantota,Dry,Tea,0,Not Suitable
Red-Yellow Podzolic soils,29.9,68.2,5.5,1107,Hambantota,Dry,Tea,0,Not Suitable
Red-Yellow Podzolic soils,33.3,58.8,5.4,744,Hambantota,Dry,Tea,0,Not Suitable
Clay loam,30.6,63.6,4.8,716,Hambantota,Dry,Tea,0,Not Suitable
Clay loam,28.2,72.6,5.2,822,Hambantota,Dry,Tea,0,Not Suitable
Red loam,28.3,68.3,5.7,862,Hambantota,Dry,Tea,0,Not Suitable
Red-Yellow Latosols,34.2,61.5,5.8,1150,Hambantota,Dry,Tea,0,Not Suitable
Sandy loam,33.8,71.9,5.2,825,Hambantota,Dry,Tea,0,Not Suitable
Loamy soils,28.5,56.9,4.9,1199,Hambantota,Dry,Tea,0,Not Suitable
Loamy soil,33.2,71.1,5.8,1129,Hambantota,Dry,Tea,0,Not Suitable
Red-Yellow Latosols,29.7,55.8,4.7,906,Hambantota,Dry,Tea,0,Not Suitable
Sandy regosol,28.2,62.2,5.2,1092,Hambantota,Dry,Tea,0,Not Suitable
Sandy loam,30.2,68.1,4.5,816,Hambantota,Dry,Tea,0,Not Suitable
Red loam,33.4,67.5,4.6,1081,Hambantota,Dry,Tea,0,Not Suitable
Reddish Brown Earth,33.9,67.4,5.3,982,Hambantota,Dry,Tea,0,Not Suitable
Red-Yellow Latosols,34.1,66.7,5.8,990,Hambantota,Dry,Tea,0,Not Suitable
Red-Yellow Latosols,33.3,63.8,5.0,1054,Hambantota,Dry,Tea,0,Not Suitable
Sandy loam,29.6,66.9,5.7,1164,Hambantota,Dry,Tea,0,Not Suitable
Sandy regosol,30.4,65.6,5.8,806,Hambantota,Dry,Tea,0,Not Suitable
Red-Yellow Latosols,34.9,68.0,5.4,1102,Hambantota,Dry,Tea,0,Not Suitable
Sandy loam,32.2,56.1,5.4,927,Hambantota,Dry,Tea,0,Not Suitable
Loam,32.7,62.5,4.7,1171,Hambantota,Dry,Tea,0,Not Suitable
Clay loam,31.5,68.8,5.3,1049,Hambantota,Dry,Tea,0,Not Suitable
Red-Yellow Podzolic soils,29.9,58.1,5.3,1018,Hambantota,Dry,Tea,0,Not Suitable
Clay loam,29.3,69.1,5.4,928,Hambantota,Dry,Tea,0,Not Suitable
Sandy regosol,33.9,58.4,5.5,710,Hambantota,Dry,Tea,0,Not Suitable
Loam,32.3,69.0,5.5,1119,Hambantota,Dry,Tea,0,Not Suitable
Red-Yellow Latosols,34.7,65.7,5.0,944,Hambantota,Dry,Tea,0,Not Suitable
Reddish Brown Earth,29.1,66.5,6.8,839,Hambantota,Dry,Cinnamon,0,Not Suitable
Sandy Clay loam,32.1,66.9,4.9,877,Hambantota,Dry,Cinnamon,0,Not Suitable
Red-Yellow Latosols,28.2,63.5,6.1,742,Hambantota,Dry,Cinnamon,0,Not Suitable
Reddish Brown Earth,34.2,72.7,5.3,1030,Hambantota,Dry,Cinnamon,0,Not Suitable
Sandy loam,34.0,72.7,6.4,798,Hambantota,Dry,Cinnamon,0,Not Suitable
Reddish Brown Earth,30.0,71.1,4.9,1199,Hambantota,Dry,Cinnamon,0,Not Suitable
Loam,34.3,67.5,5.8,1187,Hambantota,Dry,Cinnamon,0,Not Suitable
Reddish Brown Earth,33.9,56.2,4.9,868,Hambantota,Dry,Cinnamon,0,Not Suitable
Loam,34.8,71.3,6.9,1126,Hambantota,Dry,Cinnamon,0,Not Suitable
Loam,28.6,62.7,5.3,736,Hambantota,Dry,Cinnamon,0,Not Suitable
Sandy Clay loam,29.6,64.4,5.0,834,Hambantota,Dry,Cinnamon,0,Not Suitable
Sandy loam,29.2,57.9,6.5,1187,Hambantota,Dry,Cinnamon,0,Not Suitable
Red-Yellow Latosols,34.8,63.8,6.6,839,Hambantota,Dry,Cinnamon,0,Not Suitable
Red loam,30.3,61.0,5.1,816,Hambantota,Dry,Cinnamon,0,Not Suitable
Loam,29.8,62.1,4.9,1037,Hambantota,Dry,Cinnamon,0,Not Suitable
Reddish Brown Earth,29.5,71.2,5.6,773,Hambantota,Dry,Cinnamon,0,Not Suitable
Sandy Clay loam,34.1,58.1,5.9,741,Hambantota,Dry,Cinnamon,0,Not Suitable
Reddish Brown Earth,30.1,66.3,5.1,1102,Hambantota,Dry,Cinnamon,0,Not Suitable
Loam,32.1,65.1,6.2,772,Hambantota,Dry,Cinnamon,0,Not Suitable
Sandy Clay loam,29.9,64.8,5.8,741,Hambantota,Dry,Cinnamon,0,Not Suitable
Reddish Brown Earth,30.1,71.4,5.7,728,Hambantota,Dry,Cinnamon,0,Not Suitable
Red-Yellow Latosols,31.2,69.5,6.3,987,Hambantota,Dry,Cinnamon,0,Not Suitable
Red-Yellow Latosols,33.4,72.2,6.0,857,Hambantota,Dry,Cinnamon,0,Not Suitable
Sandy regosol,33.9,74.8,5.6,1145,Hambantota,Dry,Cinnamon,0,Not Suitable
Sandy loam,29.4,64.8,5.9,1071,Hambantota,Dry,Cinnamon,0,Not Suitable
Reddish Brown Earth,31.4,71.8,6.7,881,Hambantota,Dry,Cinnamon,0,Not Suitable
Sandy loam,30.8,61.6,6.5,927,Hambantota,Dry,Cinnamon,0,Not Suitable
Loam,28.9,58.9,5.2,1176,Hambantota,Dry,Cinnamon,0,Not Suitable
Loam,32.0,66.6,6.2,945,Hambantota,Dry,Cinnamon,0,Not Suitable
Loam,29.6,66.1,6.3,886,Hambantota,Dry,Cinnamon,0,Not Suitable
Red loam,29.0,66.4,5.9,793,Hambantota,Dry,Pepper,0,Not Suitable
Loamy soil,29.5,58.7,5.9,1113,Hambantota,Dry,Pepper,0,Not Suitable
Red-Yellow Latosols,34.5,74.4,5.7,986,Hambantota,Dry,Pepper,0,Not Suitable
Sandy loam,30.6,71.0,5.6,884,Hambantota,Dry,Pepper,0,Not Suitable
Red-Yellow Latosols,31.9,71.9,5.7,1098,Hambantota,Dry,Pepper,0,Not Suitable
Sandy Clay loam,32.7,59.4,6.6,809,Hambantota,Dry,Pepper,0,Not Suitable
Loamy soil,29.7,60.3,6.6,700,Hambantota,Dry,Pepper,0,Not Suitable
Sandy loam,33.5,67.5,5.7,1075,Hambantota,Dry,Pepper,0,Not Suitable
Reddish Brown Earth,31.2,62.0,6.1,747,Hambantota,Dry,Pepper,0,Not Suitable
Red-Yellow Latosols,34.4,55.8,5.8,846,Hambantota,Dry,Pepper,0,Not Suitable
Clay loam,29.7,73.2,6.1,934,Hambantota,Dry,Pepper,0,Not Suitable
Sandy Clay loam,33.3,58.1,6.1,944,Hambantota,Dry,Pepper,0,Not Suitable
Sandy Clay loam,32.2,75.0,6.0,1085,Hambantota,Dry,Pepper,0,Not Suitable
Sandy loam,33.8,58.4,5.8,715,Hambantota,Dry,Pepper,0,Not Suitable
Reddish Brown Earth,30.4,65.2,6.7,1008,Hambantota,Dry,Pepper,0,Not Suitable
Sandy regosol,31.6,65.0,5.5,725,Hambantota,Dry,Pepper,0,Not Suitable
Red-Yellow Latosols,31.9,63.8,5.7,1120,Hambantota,Dry,Pepper,0,Not Suitable
Loam,28.2,64.0,5.6,819,Hambantota,Dry,Pepper,0,Not Suitable
Sandy regosol,33.1,57.2,5.9,1004,Hambantota,Dry,Pepper,0,Not Suitable
Sandy Clay loam,29.2,62.6,6.0,1101,Hambantota,Dry,Pepper,0,Not Suitable
Sandy Clay loam,33.3,57.5,5.8,1086,Hambantota,Dry,Pepper,0,Not Suitable
Red loam,32.7,66.3,6.0,1165,Hambantota,Dry,Pepper,0,Not Suitable
Sandy loam,28.5,55.4,6.2,1113,Hambantota,Dry,Pepper,0,Not Suitable
Reddish Brown Earth,33.4,59.7,5.5,873,Hambantota,Dry,Pepper,0,Not Suitable
Loam,34.7,68.4,5.8,1167,Hambantota,Dry,Pepper,0,Not Suitable
Sandy regosol,32.3,68.6,6.6,859,Hambantota,Dry,Pepper,0,Not Suitable
Red-Yellow Latosols,34.6,72.7,5.9,1070,Hambantota,Dry,Pepper,0,Not Suitable
Sandy loam,30.0,74.3,6.4,705,Hambantota,Dry,Pepper,0,Not Suitable
Red-Yellow Latosols,32.9,67.5,5.9,1195,Hambantota,Dry,Pepper,0,Not Suitable
Loamy soil,30.4,56.6,5.8,921,Hambantota,Dry,Pepper,0,Not Suitable
Red loam,30.4,71.7,5.8,1168,Hambantota,Dry,Areca-nut,0,Not Suitable
Reddish Brown Earth,30.6,73.6,5.6,731,Hambantota,Dry,Areca-nut,0,Not Suitable
Red loam,29.1,66.9,7.0,775,Hambantota,Dry,Areca-nut,0,Not Suitable
Loamy soils,31.1,65.0,6.2,823,Hambantota,Dry,Areca-nut,0,Not Suitable
Red loam,32.6,70.0,6.4,1077,Hambantota,Dry,Areca-nut,0,Not Suitable
Loam,34.3,71.3,5.6,1079,Hambantota,Dry,Areca-nut,0,Not Suitable
Loamy soils,28.0,59.2,6.1,1032,Hambantota,Dry,Areca-nut,0,Not Suitable
Sandy regosol,30.8,72.7,6.9,1148,Hambantota,Dry,Areca-nut,0,Not Suitable
Sandy regosol,30.2,68.8,5.8,836,Hambantota,Dry,Areca-nut,0,Not Suitable
Loamy soil,29.3,61.8,6.7,915,Hambantota,Dry,Areca-nut,0,Not Suitable
Loamy soils,28.8,69.7,5.9,966,Hambantota,Dry,Areca-nut,0,Not Suitable
Loamy soils,31.4,61.0,6.2,998,Hambantota,Dry,Areca-nut,0,Not Suitable
Reddish Brown Earth,29.2,57.3,6.9,973,Hambantota,Dry,Areca-nut,0,Not Suitable
Loamy soils,30.4,69.7,6.9,1029,Hambantota,Dry,Areca-nut,0,Not Suitable
Loam,33.7,66.3,6.8,1029,Hambantota,Dry,Areca-nut,0,Not Suitable
Loamy soil,30.8,61.5,6.7,705,Hambantota,Dry,Areca-nut,0,Not Suitable
Reddish Brown Earth,33.6,57.1,6.2,988,Hambantota,Dry,Areca-nut,0,Not Suitable
Loam,28.8,74.6,5.6,807,Hambantota,Dry,Areca-nut,0,Not Suitable
Red loam,32.2,69.8,6.5,716,Hambantota,Dry,Areca-nut,0,Not Suitable
Sandy regosol,31.7,57.1,6.4,786,Hambantota,Dry,Areca-nut,0,Not Suitable
Loamy soil,30.1,73.8,7.0,1109,Hambantota,Dry,Areca-nut,0,Not Suitable
Clay loam,29.8,74.4,6.0,916,Hambantota,Dry,Areca-nut,0,Not Suitable
Sandy regosol,28.4,56.1,6.2,1046,Hambantota,Dry,Areca-nut,0,Not Suitable
Sandy loam,29.6,67.3,6.4,826,Hambantota,Dry,Areca-nut,0,Not Suitable
Sandy regosol,30.5,71.5,6.2,1110,Hambantota,Dry,Areca-nut,0,Not Suitable
Sandy regosol,30.5,62.3,6.0,1103,Hambantota,Dry,Areca-nut,0,Not Suitable
Loamy soils,29.5,56.7,6.2,933,Hambantota,Dry,Areca-nut,0,Not Suitable
Loam,33.9,59.4,6.7,890,Hambantota,Dry,Areca-nut,0,Not Suitable
Loamy soils,33.8,62.7,6.0,930,Hambantota,Dry,Areca-nut,0,Not Suitable
Loamy soils,34.5,57.4,6.5,1167,Hambantota,Dry,Areca-nut,0,Not Suitable
Loamy soil,31.7,60.5,5.0,990,Jaffna,Dry,Tea,0,Not Suitable
Loamy soil,29.1,70.5,5.2,1188,Jaffna,Dry,Tea,0,Not Suitable
Red-Yellow Podzolic soils,33.0,61.1,4.7,967,Jaffna,Dry,Tea,0,Not Suitable
Red-Yellow Podzolic soils,32.3,75.0,4.6,1065,Jaffna,Dry,Tea,0,Not Suitable
Loamy soils,30.5,68.8,5.6,961,Jaffna,Dry,Tea,0,Not Suitable
Clay loam,33.7,69.8,4.8,949,Jaffna,Dry,Tea,0,Not Suitable
Loamy soil,28.7,65.7,5.4,965,Jaffna,Dry,Tea,0,Not Suitable
Reddish Brown Earth,32.6,61.1,4.7,958,Jaffna,Dry,Tea,0,Not Suitable
Reddish Brown Earth,29.1,73.2,5.0,817,Jaffna,Dry,Tea,0,Not Suitable
Red-Yellow Latosols,29.2,74.1,4.8,1023,Jaffna,Dry,Tea,0,Not Suitable
Loamy soils,31.5,71.7,4.8,1183,Jaffna,Dry,Tea,0,Not Suitable
Reddish Brown Earth,34.2,74.9,5.3,1167,Jaffna,Dry,Tea,0,Not Suitable
Loamy soils,32.4,66.5,5.2,1101,Jaffna,Dry,Tea,0,Not Suitable
Sandy loam,32.7,66.9,5.6,1093,Jaffna,Dry,Tea,0,Not Suitable
Loamy soil,29.0,73.3,5.6,1016,Jaffna,Dry,Tea,0,Not Suitable
Clay loam,31.0,66.1,4.8,1166,Jaffna,Dry,Tea,0,Not Suitable
Loamy soils,33.9,67.7,4.9,1006,Jaffna,Dry,Tea,0,Not Suitable
Loamy soils,32.0,65.2,4.9,816,Jaffna,Dry,Tea,0,Not Suitable
Loam,28.0,75.7,5.0,1186,Jaffna,Dry,Tea,0,Not Suitable
Clay loam,33.1,65.5,5.5,1068,Jaffna,Dry,Tea,0,Not Suitable
Sandy loam,34.6,66.4,4.8,1113,Jaffna,Dry,Tea,0,Not Suitable
Loam,34.9,60.4,5.4,1041,Jaffna,Dry,Tea,0,Not Suitable
Red-Yellow Podzolic soils,32.8,61.9,4.7,1175,Jaffna,Dry,Tea,0,Not Suitable
Red-Yellow Latosols,32.4,63.6,5.2,923,Jaffna,Dry,Tea,0,Not Suitable
Loamy soil,30.9,62.6,5.0,868,Jaffna,Dry,Tea,0,Not Suitable
Red loam,33.3,74.4,5.0,834,Jaffna,Dry,Tea,0,Not Suitable
Clay loam,28.7,60.3,5.3,1065,Jaffna,Dry,Tea,0,Not Suitable
Red loam,29.1,63.7,5.6,809,Jaffna,Dry,Tea,0,Not Suitable
Red-Yellow Podzolic soils,34.8,62.2,5.6,893,Jaffna,Dry,Tea,0,Not Suitable
Clay loam,34.5,66.7,4.6,820,Jaffna,Dry,Tea,0,Not Suitable
Sandy loam,32.0,66.3,6.1,811,Jaffna,Dry,Cinnamon,0,Not Suitable
Sandy Clay loam,28.1,72.6,4.9,923,Jaffna,Dry,Cinnamon,0,Not Suitable
Red loam,32.1,66.4,6.0,1190,Jaffna,Dry,Cinnamon,0,Not Suitable
Reddish Brown Earth,29.9,71.4,6.8,909,Jaffna,Dry,Cinnamon,0,Not Suitable
Red-Yellow Latosols,30.6,68.8,5.7,820,Jaffna,Dry,Cinnamon,0,Not Suitable
Sandy Clay loam,33.8,72.9,5.3,890,Jaffna,Dry,Cinnamon,0,Not Suitable
Red loam,33.7,74.9,5.8,838,Jaffna,Dry,Cinnamon,0,Not Suitable
Sandy loam,30.4,73.9,5.3,833,Jaffna,Dry,Cinnamon,0,Not Suitable
Reddish Brown Earth,33.3,60.8,5.8,997,Jaffna,Dry,Cinnamon,0,Not Suitable
Red-Yellow Latosols,30.3,66.3,5.2,1012,Jaffna,Dry,Cinnamon,0,Not Suitable
Loam,32.0,72.9,5.1,1104,Jaffna,Dry,Cinnamon,0,Not Suitable
Loam,29.0,64.3,5.7,944,Jaffna,Dry,Cinnamon,0,Not Suitable
Sandy regosol,32.8,60.9,5.7,814,Jaffna,Dry,Cinnamon,0,Not Suitable
Sandy Clay loam,32.9,63.1,5.4,1057,Jaffna,Dry,Cinnamon,0,Not Suitable
Reddish Brown Earth,34.2,74.3,5.3,919,Jaffna,Dry,Cinnamon,0,Not Suitable
Sandy Clay loam,30.9,63.8,6.6,1069,Jaffna,Dry,Cinnamon,0,Not Suitable
Sandy loam,32.7,73.2,5.1,959,Jaffna,Dry,Cinnamon,0,Not Suitable
Red-Yellow Latosols,33.2,65.8,5.4,1069,Jaffna,Dry,Cinnamon,0,Not Suitable
Loam,28.6,75.9,7.0,862,Jaffna,Dry,Cinnamon,0,Not Suitable
Red-Yellow Latosols,34.8,72.7,6.1,1064,Jaffna,Dry,Cinnamon,0,Not Suitable
Sandy Clay loam,34.1,64.6,6.2,987,Jaffna,Dry,Cinnamon,0,Not Suitable
Red-Yellow Latosols,30.9,66.8,6.0,932,Jaffna,Dry,Cinnamon,0,Not Suitable
Sandy regosol,34.0,63.2,6.3,1174,Jaffna,Dry,Cinnamon,0,Not Suitable
Reddish Brown Earth,33.8,68.9,4.8,1112,Jaffna,Dry,Cinnamon,0,Not Suitable
Loam,33.7,60.6,7.0,1156,Jaffna,Dry,Cinnamon,0,Not Suitable
Sandy Clay loam,30.1,63.4,5.4,1106,Jaffna,Dry,Cinnamon,0,Not Suitable
Sandy Clay loam,34.1,61.6,7.0,850,Jaffna,Dry,Cinnamon,0,Not Suitable
Red-Yellow Latosols,32.7,73.6,6.3,930,Jaffna,Dry,Cinnamon,0,Not Suitable
Reddish Brown Earth,32.2,69.7,6.1,1073,Jaffna,Dry,Cinnamon,0,Not Suitable
Red-Yellow Latosols,31.0,64.4,5.3,1107,Jaffna,Dry,Cinnamon,0,Not Suitable
Red-Yellow Latosols,32.8,63.7,6.5,1050,Jaffna,Dry,Pepper,0,Not Suitable
Sandy loam,29.5,61.0,6.3,852,Jaffna,Dry,Pepper,0,Not Suitable
Red loam,33.9,60.7,5.9,1094,Jaffna,Dry,Pepper,0,Not Suitable
Reddish Brown Earth,31.3,74.9,6.1,933,Jaffna,Dry,Pepper,0,Not Suitable
Sandy regosol,28.1,61.3,5.5,903,Jaffna,Dry,Pepper,0,Not Suitable
Reddish Brown Earth,32.4,66.8,5.7,1019,Jaffna,Dry,Pepper,0,Not Suitable
Red loam,30.1,70.6,5.6,1186,Jaffna,Dry,Pepper,0,Not Suitable
Loamy soil,34.2,69.2,6.2,1026,Jaffna,Dry,Pepper,0,Not Suitable
Red loam,28.5,61.4,5.9,1040,Jaffna,Dry,Pepper,0,Not Suitable
Red loam,34.4,66.5,6.4,857,Jaffna,Dry,Pepper,0,Not Suitable
Sandy Clay loam,30.1,68.4,6.7,1079,Jaffna,Dry,Pepper,0,Not Suitable
Loam,33.5,70.8,6.7,1072,Jaffna,Dry,Pepper,0,Not Suitable
Sandy regosol,30.1,60.0,5.8,909,Jaffna,Dry,Pepper,0,Not Suitable
Sandy loam,32.6,70.1,5.5,1037,Jaffna,Dry,Pepper,0,Not Suitable
Sandy loam,33.1,65.2,6.2,1066,Jaffna,Dry,Pepper,0,Not Suitable
Clay loam,30.4,62.2,6.6,838,Jaffna,Dry,Pepper,0,Not Suitable
Sandy loam,34.4,70.4,6.0,841,Jaffna,Dry,Pepper,0,Not Suitable
Sandy regosol,33.1,72.5,5.5,847,Jaffna,Dry,Pepper,0,Not Suitable
Clay loam,33.0,65.7,5.5,902,Jaffna,Dry,Pepper,0,Not Suitable
Clay loam,31.8,73.6,6.2,1183,Jaffna,Dry,Pepper,0,Not Suitable
Loamy soil,31.6,61.4,6.0,1020,Jaffna,Dry,Pepper,0,Not Suitable
Loam,32.2,66.2,5.6,896,Jaffna,Dry,Pepper,0,Not Suitable
Reddish Brown Earth,30.2,61.5,6.8,871,Jaffna,Dry,Pepper,0,Not Suitable
Red-Yellow Latosols,31.1,68.5,6.8,1149,Jaffna,Dry,Pepper,0,Not Suitable
Loamy soil,32.1,73.0,5.9,931,Jaffna,Dry,Pepper,0,Not Suitable
Loam,30.8,70.8,5.9,1073,Jaffna,Dry,Pepper,0,Not Suitable
Loam,28.9,70.1,6.3,851,Jaffna,Dry,Pepper,0,Not Suitable
Loam,32.9,71.2,6.6,1101,Jaffna,Dry,Pepper,0,Not Suitable
Red loam,31.5,71.7,5.7,1048,Jaffna,Dry,Pepper,0,Not Suitable
Loamy soil,28.2,64.6,6.3,977,Jaffna,Dry,Pepper,0,Not Suitable
Reddish Brown Earth,33.9,63.1,6.9,850,Jaffna,Dry,Areca-nut,0,Not Suitable
Loamy soils,28.8,67.7,6.3,1034,Jaffna,Dry,Areca-nut,0,Not Suitable
Loam,28.6,60.9,6.4,842,Jaffna,Dry,Areca-nut,0,Not Suitable
Reddish Brown Earth,31.8,63.7,6.7,1055,Jaffna,Dry,Areca-nut,0,Not Suitable
Loamy soils,28.3,68.0,5.9,1076,Jaffna,Dry,Areca-nut,0,Not Suitable
Sandy regosol,30.2,69.8,6.7,1159,Jaffna,Dry,Areca-nut,0,Not Suitable
Loamy soils,32.1,71.7,6.5,946,Jaffna,Dry,Areca-nut,0,Not Suitable
Sandy regosol,31.3,63.0,6.3,1081,Jaffna,Dry,Areca-nut,0,Not Suitable
Sandy loam,30.5,74.6,6.0,808,Jaffna,Dry,Areca-nut,0,Not Suitable
Loamy soils,28.4,72.3,6.0,1081,Jaffna,Dry,Areca-nut,0,Not Suitable
Sandy regosol,32.7,66.3,6.2,1103,Jaffna,Dry,Areca-nut,0,Not Suitable
Loam,30.9,75.0,5.7,900,Jaffna,Dry,Areca-nut,0,Not Suitable
Red loam,32.1,75.5,5.6,951,Jaffna,Dry,Areca-nut,0,Not Suitable
Loamy soils,30.4,68.1,6.5,865,Jaffna,Dry,Areca-nut,0,Not Suitable
Clay loam,35.0,67.2,6.1,942,Jaffna,Dry,Areca-nut,0,Not Suitable
Sandy regosol,28.8,74.1,6.1,966,Jaffna,Dry,Areca-nut,0,Not Suitable
Loamy soil,32.6,67.1,5.6,1059,Jaffna,Dry,Areca-nut,0,Not Suitable
Sandy regosol,33.7,75.0,6.9,1060,Jaffna,Dry,Areca-nut,0,Not Suitable
Loamy soils,29.1,67.6,6.4,1041,Jaffna,Dry,Areca-nut,0,Not Suitable
Sandy regosol,30.8,65.4,6.1,851,Jaffna,Dry,Areca-nut,0,Not Suitable
Reddish Brown Earth,29.1,71.7,5.6,884,Jaffna,Dry,Areca-nut,0,Not Suitable
Loamy soil,31.9,69.5,6.4,1149,Jaffna,Dry,Areca-nut,0,Not Suitable
Loamy soils,30.4,72.8,5.6,1016,Jaffna,Dry,Areca-nut,0,Not Suitable
Red loam,32.0,74.5,5.9,959,Jaffna,Dry,Areca-nut,0,Not Suitable
Reddish Brown Earth,29.0,62.4,6.4,973,Jaffna,Dry,Areca-nut,0,Not Suitable
Loamy soil,28.6,75.0,6.4,1102,Jaffna,Dry,Areca-nut,0,Not Suitable
Clay loam,33.8,61.3,6.4,991,Jaffna,Dry,Areca-nut,0,Not Suitable
Sandy regosol,33.8,72.5,6.9,911,Jaffna,Dry,Areca-nut,0,Not Suitable
Sandy regosol,28.9,74.0,5.8,1188,Jaffna,Dry,Areca-nut,0,Not Suitable
Sandy loam,33.1,60.6,6.3,962,Jaffna,Dry,Areca-nut,0,Not Suitable
Loamy soil,27.1,91.2,5.1,3172,Kalutara,Wet,Tea,1,Suitable
Red-Yellow Podzolic soils,28.7,91.4,5.8,2522,Kalutara,Wet,Tea,1,Suitable
Loamy soils,23.6,89.8,4.7,2780,Kalutara,Wet,Tea,1,Suitable
Loam,26.1,87.7,4.6,2881,Kalutara,Wet,Tea,1,Suitable
Red-Yellow Latosols,27.2,90.8,4.8,2883,Kalutara,Wet,Tea,1,Suitable
Loamy soil,26.1,80.6,5.6,3320,Kalutara,Wet,Tea,1,Suitable
Loamy soil,27.1,84.2,5.2,3300,Kalutara,Wet,Tea,1,Suitable
Loam,28.8,87.6,5.3,3284,Kalutara,Wet,Tea,1,Suitable
Red-Yellow Latosols,25.9,91.5,5.3,3041,Kalutara,Wet,Tea,1,Suitable
Loamy soil,24.5,87.5,4.7,3072,Kalutara,Wet,Tea,1,Suitable
Red-Yellow Podzolic soils,23.4,87.3,5.2,3264,Kalutara,Wet,Tea,1,Suitable
Loamy soils,24.6,88.0,5.1,2580,Kalutara,Wet,Tea,1,Suitable
Clay loam,24.1,82.2,5.0,2702,Kalutara,Wet,Tea,1,Suitable
Red-Yellow Latosols,23.4,84.8,5.1,3012,Kalutara,Wet,Tea,1,Suitable
Loamy soils,25.7,90.1,5.2,2645,Kalutara,Wet,Tea,1,Suitable
Clay loam,23.4,80.9,5.2,3074,Kalutara,Wet,Tea,1,Suitable
Loamy soil,29.1,86.7,4.6,3460,Kalutara,Wet,Tea,1,Suitable
Clay loam,23.7,80.5,5.2,2685,Kalutara,Wet,Tea,1,Suitable
Red-Yellow Latosols,27.5,80.5,5.6,3446,Kalutara,Wet,Tea,1,Suitable
Loamy soils,25.1,80.9,4.7,2670,Kalutara,Wet,Tea,1,Suitable
Loamy soil,23.9,86.2,5.0,2746,Kalutara,Wet,Tea,1,Suitable
Loamy soil,29.9,88.2,4.7,3449,Kalutara,Wet,Tea,1,Suitable
Loamy soil,25.7,86.7,4.5,2577,Kalutara,Wet,Tea,1,Suitable
Loamy soil,27.7,87.7,5.1,2911,Kalutara,Wet,Tea,1,Suitable
Clay loam,25.9,80.3,4.7,2835,Kalutara,Wet,Tea,1,Suitable
Loamy soil,23.7,91.5,5.4,3099,Kalutara,Wet,Tea,1,Suitable
Loam,25.2,84.7,4.6,2737,Kalutara,Wet,Tea,1,Suitable
Loamy soil,24.3,89.6,5.2,3178,Kalutara,Wet,Tea,1,Suitable
Loamy soil,26.3,91.1,4.9,2573,Kalutara,Wet,Tea,1,Suitable
Loam,25.4,89.4,4.8,3493,Kalutara,Wet,Tea,1,Suitable
Red-Yellow Latosols,29.1,90.0,5.7,2725,Kalutara,Wet,Cinnamon,0,Not Suitable
Sandy Clay loam,25.9,91.7,6.6,2681,Kalutara,Wet,Cinnamon,0,Not Suitable
Loam,25.3,88.8,6.1,2920,Kalutara,Wet,Cinnamon,0,Not Suitable
Sandy loam,28.8,89.6,4.9,3366,Kalutara,Wet,Cinnamon,0,Not Suitable
Loamy soils,27.8,81.7,6.0,2916,Kalutara,Wet,Cinnamon,1,Suitable
Clay loam,25.8,86.2,5.1,3497,Kalutara,Wet,Cinnamon,0,Not Suitable
Red-Yellow Latosols,27.7,84.8,5.1,2633,Kalutara,Wet,Cinnamon,1,Suitable
Sandy loam,29.6,90.6,7.0,3407,Kalutara,Wet,Cinnamon,0,Not Suitable
Red loam,24.5,84.3,5.9,3169,Kalutara,Wet,Cinnamon,1,Suitable
Loamy soils,25.9,84.3,6.1,3094,Kalutara,Wet,Cinnamon,1,Suitable
Red-Yellow Podzolic soils,24.1,85.7,6.1,3053,Kalutara,Wet,Cinnamon,0,Not Suitable
Loamy soils,24.5,88.9,5.6,2525,Kalutara,Wet,Cinnamon,0,Not Suitable
Sandy loam,28.5,86.8,6.3,2761,Kalutara,Wet,Cinnamon,0,Not Suitable
Red-Yellow Latosols,27.0,89.6,6.1,3235,Kalutara,Wet,Cinnamon,0,Not Suitable
Loamy soils,26.4,81.6,5.7,2761,Kalutara,Wet,Cinnamon,1,Suitable
Red-Yellow Latosols,27.2,86.2,4.8,2788,Kalutara,Wet,Cinnamon,0,Not Suitable
Sandy Clay loam,26.5,83.4,4.9,3235,Kalutara,Wet,Cinnamon,1,Suitable
Red-Yellow Latosols,27.1,91.3,5.8,2674,Kalutara,Wet,Cinnamon,0,Not Suitable
Sandy loam,23.6,87.5,5.7,3051,Kalutara,Wet,Cinnamon,0,Not Suitable
Clay loam,26.6,90.8,4.8,2696,Kalutara,Wet,Cinnamon,0,Not Suitable
Sandy Clay loam,29.0,86.9,6.1,3391,Kalutara,Wet,Cinnamon,0,Not Suitable
Clay loam,28.7,85.2,6.8,3250,Kalutara,Wet,Cinnamon,0,Not Suitable
Loamy soils,27.0,82.2,5.2,2769,Kalutara,Wet,Cinnamon,1,Suitable
Red-Yellow Podzolic soils,24.7,83.7,6.1,3055,Kalutara,Wet,Cinnamon,1,Suitable
Red loam,26.0,87.4,5.0,2582,Kalutara,Wet,Cinnamon,0,Not Suitable
Sandy loam,24.2,86.2,5.4,2714,Kalutara,Wet,Cinnamon,0,Not Suitable
Clay loam,25.8,89.7,6.2,2514,Kalutara,Wet,Cinnamon,0,Not Suitable
Red loam,27.7,89.6,4.8,3433,Kalutara,Wet,Cinnamon,0,Not Suitable
Loam,24.1,90.6,6.0,2959,Kalutara,Wet,Cinnamon,0,Not Suitable
Red-Yellow Latosols,27.6,88.1,7.0,3432,Kalutara,Wet,Cinnamon,0,Not Suitable
Clay loam,28.0,83.4,5.6,3380,Kalutara,Wet,Pepper,1,Suitable
Reddish Brown Earth,24.6,90.8,5.8,2756,Kalutara,Wet,Pepper,1,Suitable
Loamy soil,24.0,90.3,6.4,3000,Kalutara,Wet,Pepper,1,Suitable
Red-Yellow Latosols,24.7,89.1,5.9,3260,Kalutara,Wet,Pepper,1,Suitable
Sandy Clay loam,25.9,82.5,6.3,3477,Kalutara,Wet,Pepper,1,Suitable
Loamy soil,29.5,83.6,6.5,3282,Kalutara,Wet,Pepper,1,Suitable
Clay loam,27.8,91.6,5.7,2894,Kalutara,Wet,Pepper,1,Suitable
Red-Yellow Podzolic soils,27.7,88.8,5.8,3075,Kalutara,Wet,Pepper,1,Suitable
Reddish Brown Earth,26.5,83.7,6.3,2927,Kalutara,Wet,Pepper,1,Suitable
Loam,28.2,82.8,5.8,2905,Kalutara,Wet,Pepper,1,Suitable
Loamy soil,24.4,89.4,6.0,3409,Kalutara,Wet,Pepper,1,Suitable
Red-Yellow Podzolic soils,28.3,90.8,5.7,3346,Kalutara,Wet,Pepper,1,Suitable
Clay loam,29.7,84.5,5.6,2839,Kalutara,Wet,Pepper,1,Suitable
Reddish Brown Earth,26.4,81.3,5.9,2749,Kalutara,Wet,Pepper,1,Suitable
Red-Yellow Latosols,28.7,90.5,6.6,2802,Kalutara,Wet,Pepper,1,Suitable
Sandy Clay loam,29.0,89.2,6.4,2647,Kalutara,Wet,Pepper,1,Suitable
Clay loam,29.6,88.2,6.2,2832,Kalutara,Wet,Pepper,1,Suitable
Loamy soils,27.5,86.1,5.9,2620,Kalutara,Wet,Pepper,1,Suitable
Loam,28.6,90.3,6.7,2637,Kalutara,Wet,Pepper,1,Suitable
Loam,25.3,87.9,6.6,3252,Kalutara,Wet,Pepper,1,Suitable
Red-Yellow Latosols,29.6,83.8,5.7,3359,Kalutara,Wet,Pepper,1,Suitable
Reddish Brown Earth,27.9,88.9,5.8,3178,Kalutara,Wet,Pepper,1,Suitable
Clay loam,29.1,82.0,6.4,2554,Kalutara,Wet,Pepper,1,Suitable
Clay loam,26.3,90.2,5.7,2883,Kalutara,Wet,Pepper,1,Suitable
Red-Yellow Podzolic soils,28.9,86.6,6.4,2689,Kalutara,Wet,Pepper,1,Suitable
Loamy soils,26.6,87.3,6.6,2961,Kalutara,Wet,Pepper,1,Suitable
Sandy Clay loam,28.8,88.5,6.6,2605,Kalutara,Wet,Pepper,1,Suitable
Reddish Brown Earth,27.7,88.4,6.6,2863,Kalutara,Wet,Pepper,1,Suitable
Loamy soil,28.1,81.4,6.7,2908,Kalutara,Wet,Pepper,1,Suitable
Sandy Clay loam,23.3,91.5,6.3,3179,Kalutara,Wet,Pepper,1,Suitable
Loamy soils,24.9,83.0,5.9,3442,Kalutara,Wet,Areca-nut,1,Suitable
Red loam,28.4,84.7,5.5,2639,Kalutara,Wet,Areca-nut,1,Suitable
Clay loam,26.8,91.7,6.0,2869,Kalutara,Wet,Areca-nut,1,Suitable
Sandy loam,25.4,86.2,6.8,2941,Kalutara,Wet,Areca-nut,1,Suitable
Red loam,26.5,86.1,7.0,2638,Kalutara,Wet,Areca-nut,1,Suitable
Red-Yellow Latosols,24.7,80.9,6.4,3163,Kalutara,Wet,Areca-nut,1,Suitable
Loam,25.9,85.1,5.8,3285,Kalutara,Wet,Areca-nut,1,Suitable
Loamy soil,28.7,87.8,6.2,2919,Kalutara,Wet,Areca-nut,1,Suitable
Red-Yellow Podzolic soils,24.8,89.0,6.0,3013,Kalutara,Wet,Areca-nut,1,Suitable
Sandy loam,27.2,91.9,6.9,2935,Kalutara,Wet,Areca-nut,1,Suitable
Sandy loam,25.4,80.7,6.1,2704,Kalutara,Wet,Areca-nut,1,Suitable
Red-Yellow Podzolic soils,24.5,80.0,6.8,3415,Kalutara,Wet,Areca-nut,1,Suitable
Loamy soil,28.2,82.0,5.6,2620,Kalutara,Wet,Areca-nut,1,Suitable
Clay loam,28.1,91.1,5.7,2931,Kalutara,Wet,Areca-nut,1,Suitable
Loamy soil,26.6,84.2,6.4,2875,Kalutara,Wet,Areca-nut,1,Suitable
Loamy soil,28.0,81.3,7.0,2536,Kalutara,Wet,Areca-nut,1,Suitable
Loam,24.6,80.6,5.6,2690,Kalutara,Wet,Areca-nut,1,Suitable
Red loam,25.7,89.6,6.2,2841,Kalutara,Wet,Areca-nut,1,Suitable
Red-Yellow Latosols,27.7,86.1,6.8,3361,Kalutara,Wet,Areca-nut,1,Suitable
Red-Yellow Podzolic soils,23.1,89.3,7.0,2961,Kalutara,Wet,Areca-nut,1,Suitable
Clay loam,26.4,91.8,5.9,3255,Kalutara,Wet,Areca-nut,0,Not Suitable
Sandy loam,26.8,91.9,5.6,3358,Kalutara,Wet,Areca-nut,0,Not Suitable
Clay loam,27.9,84.1,6.1,2507,Kalutara,Wet,Areca-nut,1,Suitable
Red-Yellow Podzolic soils,24.6,89.8,6.7,2837,Kalutara,Wet,Areca-nut,1,Suitable
Loam,23.0,83.7,5.9,2741,Kalutara,Wet,Areca-nut,1,Suitable
Loam,23.5,82.2,5.9,3056,Kalutara,Wet,Areca-nut,0,Not Suitable
Loamy soil,25.9,84.5,6.9,3376,Kalutara,Wet,Areca-nut,1,Suitable
Red-Yellow Podzolic soils,26.5,84.0,6.9,2607,Kalutara,Wet,Areca-nut,1,Suitable
Loamy soils,23.4,83.6,6.0,2798,Kalutara,Wet,Areca-nut,1,Suitable
Red-Yellow Podzolic soils,24.2,89.4,6.5,2622,Kalutara,Wet,Areca-nut,1,Suitable
Sandy loam,19.1,71.4,4.7,2309,Kandy,Intermediate,Tea,1,Suitable
Red-Yellow Latosols,25.4,80.9,5.7,1478,Kandy,Intermediate,Tea,1,Suitable
Reddish Brown Earth,20.2,87.2,5.6,1569,Kandy,Intermediate,Tea,1,Suitable
Reddish Brown Earth,18.1,80.2,5.7,2169,Kandy,Intermediate,Tea,1,Suitable
Reddish Brown Earth,26.2,86.4,4.8,2288,Kandy,Intermediate,Tea,1,Suitable
Loamy soil,20.6,75.8,5.0,1777,Kandy,Intermediate,Tea,1,Suitable
Red loam,22.9,73.2,4.7,2091,Kandy,Intermediate,Tea,1,Suitable
Loam,20.8,80.1,5.5,2196,Kandy,Intermediate,Tea,1,Suitable
Clay loam,23.8,73.1,4.6,1947,Kandy,Intermediate,Tea,1,Suitable
Red loam,21.4,78.3,4.9,1440,Kandy,Intermediate,Tea,1,Suitable
Red loam,26.6,89.1,4.6,1752,Kandy,Intermediate,Tea,1,Suitable
Red-Yellow Latosols,19.6,77.8,4.7,2348,Kandy,Intermediate,Tea,1,Suitable
Clay loam,24.9,72.2,5.0,2381,Kandy,Intermediate,Tea,1,Suitable
Red loam,25.0,76.9,4.7,2028,Kandy,Intermediate,Tea,1,Suitable
Sandy loam,19.3,88.8,5.7,2318,Kandy,Intermediate,Tea,1,Suitable
Loam,23.6,86.2,4.9,1469,Kandy,Intermediate,Tea,1,Suitable
Red loam,20.8,82.7,4.7,1756,Kandy,Intermediate,Tea,1,Suitable
Loam,23.4,86.3,4.7,1782,Kandy,Intermediate,Tea,1,Suitable
Loamy soil,19.8,74.7,5.3,1700,Kandy,Intermediate,Tea,1,Suitable
Reddish Brown Earth,23.4,83.9,5.6,1763,Kandy,Intermediate,Tea,1,Suitable
Loamy soil,19.8,79.4,4.7,2201,Kandy,Intermediate,Tea,1,Suitable
Loam,19.0,87.7,5.4,1743,Kandy,Intermediate,Tea,1,Suitable
Red loam,18.2,83.8,4.6,1716,Kandy,Intermediate,Tea,1,Suitable
Clay loam,23.5,74.8,4.6,1787,Kandy,Intermediate,Tea,1,Suitable
Loam,19.3,76.0,5.7,1490,Kandy,Intermediate,Tea,1,Suitable
Red loam,18.1,79.7,4.9,1523,Kandy,Intermediate,Tea,1,Suitable
Loamy soils,26.3,73.2,4.8,2366,Kandy,Intermediate,Tea,1,Suitable
Red-Yellow Latosols,24.7,80.9,5.2,2284,Kandy,Intermediate,Tea,1,Suitable
Sandy loam,22.8,73.9,5.7,1566,Kandy,Intermediate,Tea,1,Suitable
Sandy loam,21.0,77.4,4.9,2160,Kandy,Intermediate,Tea,1,Suitable
Reddish Brown Earth,26.6,84.8,6.7,1997,Kandy,Intermediate,Cinnamon,1,Suitable
Reddish Brown Earth,18.4,75.1,5.3,1865,Kandy,Intermediate,Cinnamon,1,Suitable
Red-Yellow Latosols,24.7,88.4,5.6,1824,Kandy,Intermediate,Cinnamon,1,Suitable
Red loam,26.7,78.9,5.6,1889,Kandy,Intermediate,Cinnamon,1,Suitable
Clay loam,26.2,81.4,6.6,2162,Kandy,Intermediate,Cinnamon,1,Suitable
Clay loam,21.1,78.7,5.6,2248,Kandy,Intermediate,Cinnamon,1,Suitable
Loam,25.1,88.8,6.4,2023,Kandy,Intermediate,Cinnamon,1,Suitable
Reddish Brown Earth,25.2,86.9,4.9,1795,Kandy,Intermediate,Cinnamon,1,Suitable
Clay loam,21.6,83.5,6.4,1850,Kandy,Intermediate,Cinnamon,1,Suitable
Sandy loam,21.2,82.7,6.4,1586,Kandy,Intermediate,Cinnamon,1,Suitable
Clay loam,22.9,74.1,6.4,1692,Kandy,Intermediate,Cinnamon,1,Suitable
Loam,22.3,74.3,6.4,2367,Kandy,Intermediate,Cinnamon,1,Suitable
Sandy Clay loam,26.6,78.5,6.8,1875,Kandy,Intermediate,Cinnamon,1,Suitable
Red-Yellow Latosols,22.7,84.1,5.8,1652,Kandy,Intermediate,Cinnamon,1,Suitable
Red-Yellow Latosols,19.1,74.1,4.9,1401,Kandy,Intermediate,Cinnamon,1,Suitable
Sandy Clay loam,26.8,74.8,6.6,2063,Kandy,Intermediate,Cinnamon,1,Suitable
Clay loam,23.0,73.1,6.1,2128,Kandy,Intermediate,Cinnamon,1,Suitable
Red loam,24.6,85.4,6.1,2375,Kandy,Intermediate,Cinnamon,1,Suitable
Reddish Brown Earth,21.1,83.0,6.8,1468,Kandy,Intermediate,Cinnamon,1,Suitable
Sandy Clay loam,19.1,76.6,6.1,2216,Kandy,Intermediate,Cinnamon,1,Suitable
Loam,21.5,79.5,5.5,2255,Kandy,Intermediate,Cinnamon,1,Suitable
Loam,25.8,71.8,6.7,2177,Kandy,Intermediate,Cinnamon,1,Suitable
Reddish Brown Earth,19.6,78.6,6.4,1565,Kandy,Intermediate,Cinnamon,1,Suitable
Red-Yellow Latosols,22.8,82.7,5.3,1596,Kandy,Intermediate,Cinnamon,1,Suitable
Reddish Brown Earth,18.4,76.4,6.7,1960,Kandy,Intermediate,Cinnamon,1,Suitable
Reddish Brown Earth,24.0,78.7,6.4,2353,Kandy,Intermediate,Cinnamon,1,Suitable
Sandy Clay loam,26.4,80.6,4.9,1659,Kandy,Intermediate,Cinnamon,1,Suitable
Loam,24.5,72.4,6.0,1703,Kandy,Intermediate,Cinnamon,1,Suitable
Reddish Brown Earth,23.1,82.0,5.6,1566,Kandy,Intermediate,Cinnamon,1,Suitable
Sandy Clay loam,23.6,89.4,6.8,2128,Kandy,Intermediate,Cinnamon,0,Not Suitable
Red-Yellow Latosols,24.9,81.8,6.4,1592,Kandy,Intermediate,Pepper,1,Suitable
Sandy loam,23.6,82.0,6.2,1890,Kandy,Intermediate,Pepper,1,Suitable
Sandy loam,21.0,80.4,6.5,1598,Kandy,Intermediate,Pepper,1,Suitable
Loamy soil,19.7,71.7,6.4,1836,Kandy,Intermediate,Pepper,1,Suitable
Red loam,21.9,75.5,6.0,1958,Kandy,Intermediate,Pepper,1,Suitable
Sandy loam,26.4,88.5,5.9,1902,Kandy,Intermediate,Pepper,1,Suitable
Red loam,24.6,70.7,5.9,1875,Kandy,Intermediate,Pepper,1,Suitable
Clay loam,26.3,70.2,6.5,1953,Kandy,Intermediate,Pepper,1,Suitable
Loamy soil,22.4,71.7,6.2,2372,Kandy,Intermediate,Pepper,1,Suitable
Sandy Clay loam,23.5,74.7,6.1,1883,Kandy,Intermediate,Pepper,1,Suitable
Clay loam,18.7,72.1,5.8,2237,Kandy,Intermediate,Pepper,1,Suitable
Red-Yellow Latosols,19.8,80.1,5.6,2169,Kandy,Intermediate,Pepper,1,Suitable
Sandy Clay loam,23.2,72.4,5.6,1436,Kandy,Intermediate,Pepper,1,Suitable
Sandy loam,25.5,72.4,6.1,1445,Kandy,Intermediate,Pepper,1,Suitable
Sandy loam,25.6,75.2,5.6,1822,Kandy,Intermediate,Pepper,1,Suitable
Reddish Brown Earth,22.0,81.6,5.9,1971,Kandy,Intermediate,Pepper,1,Suitable
Sandy Clay loam,20.8,72.1,5.6,1767,Kandy,Intermediate,Pepper,1,Suitable
Red-Yellow Latosols,24.9,89.3,6.6,2370,Kandy,Intermediate,Pepper,1,Suitable
Reddish Brown Earth,23.4,84.0,6.3,1685,Kandy,Intermediate,Pepper,1,Suitable
Sandy Clay loam,22.1,79.6,5.9,2158,Kandy,Intermediate,Pepper,1,Suitable
Loamy soil,20.9,88.5,6.1,1456,Kandy,Intermediate,Pepper,1,Suitable
Red-Yellow Latosols,26.2,82.2,5.8,1946,Kandy,Intermediate,Pepper,1,Suitable
Sandy Clay loam,21.1,87.0,6.2,1959,Kandy,Intermediate,Pepper,1,Suitable
Sandy Clay loam,18.9,70.3,6.0,2364,Kandy,Intermediate,Pepper,1,Suitable
Sandy loam,23.4,71.6,6.7,2083,Kandy,Intermediate,Pepper,1,Suitable
Loamy soil,23.2,72.5,6.5,1982,Kandy,Intermediate,Pepper,1,Suitable
Sandy Clay loam,21.7,87.6,6.7,2049,Kandy,Intermediate,Pepper,1,Suitable
Loamy soil,23.6,72.6,5.8,1710,Kandy,Intermediate,Pepper,1,Suitable
Clay loam,26.2,85.2,5.9,2076,Kandy,Intermediate,Pepper,1,Suitable
Loamy soil,19.7,85.1,5.8,1874,Kandy,Intermediate,Pepper,1,Suitable
Sandy loam,23.5,70.8,6.2,1726,Kandy,Intermediate,Areca-nut,1,Suitable
Loamy soil,19.3,89.7,5.7,1609,Kandy,Intermediate,Areca-nut,1,Suitable
Reddish Brown Earth,19.8,85.4,6.3,1826,Kandy,Intermediate,Areca-nut,1,Suitable
Loam,18.2,70.7,6.7,1846,Kandy,Intermediate,Areca-nut,1,Suitable
Loam,26.0,71.7,6.9,1938,Kandy,Intermediate,Areca-nut,1,Suitable
Loamy soils,21.5,86.6,6.9,1534,Kandy,Intermediate,Areca-nut,1,Suitable
Loam,24.8,88.8,6.0,2077,Kandy,Intermediate,Areca-nut,1,Suitable
Loam,26.4,75.5,6.6,1732,Kandy,Intermediate,Areca-nut,1,Suitable
Reddish Brown Earth,24.9,88.6,6.7,1605,Kandy,Intermediate,Areca-nut,1,Suitable
Loam,24.6,71.3,5.9,1787,Kandy,Intermediate,Areca-nut,1,Suitable
Loamy soil,20.7,89.7,6.6,2043,Kandy,Intermediate,Areca-nut,1,Suitable
Loamy soil,26.8,77.5,6.2,2202,Kandy,Intermediate,Areca-nut,1,Suitable
Red loam,25.8,73.6,5.8,2348,Kandy,Intermediate,Areca-nut,1,Suitable
Loamy soils,20.9,85.1,6.4,1794,Kandy,Intermediate,Areca-nut,1,Suitable
Sandy loam,22.0,84.8,5.6,1628,Kandy,Intermediate,Areca-nut,1,Suitable
Clay loam,20.7,79.5,6.0,1568,Kandy,Intermediate,Areca-nut,1,Suitable
Loam,21.6,71.1,6.8,1983,Kandy,Intermediate,Areca-nut,1,Suitable
Clay loam,19.4,82.0,6.1,2065,Kandy,Intermediate,Areca-nut,1,Suitable
Clay loam,24.3,78.2,5.5,1905,Kandy,Intermediate,Areca-nut,1,Suitable
Clay loam,24.2,83.2,6.1,1438,Kandy,Intermediate,Areca-nut,1,Suitable
Red loam,26.8,78.4,6.9,1902,Kandy,Intermediate,Areca-nut,1,Suitable
Loamy soil,24.5,81.6,6.8,2198,Kandy,Intermediate,Areca-nut,1,Suitable
Loam,22.1,79.5,7.0,1786,Kandy,Intermediate,Areca-nut,1,Suitable
Reddish Brown Earth,24.3,71.7,6.2,2263,Kandy,Intermediate,Areca-nut,1,Suitable
Red loam,18.6,81.0,6.8,1817,Kandy,Intermediate,Areca-nut,1,Suitable
Loamy soils,19.8,86.5,5.6,1958,Kandy,Intermediate,Areca-nut,1,Suitable
Loamy soil,26.7,80.3,6.2,1691,Kandy,Intermediate,Areca-nut,1,Suitable
Loamy soils,25.7,76.1,5.7,1593,Kandy,Intermediate,Areca-nut,1,Suitable
Reddish Brown Earth,20.7,85.6,5.8,1872,Kandy,Intermediate,Areca-nut,1,Suitable
Loamy soils,19.5,76.7,6.0,2340,Kandy,Intermediate,Areca-nut,1,Suitable
Loamy soil,29.9,84.8,5.7,2379,Kegalle,Wet,Tea,1,Suitable
Loam,25.7,87.9,4.6,3184,Kegalle,Wet,Tea,1,Suitable
Loamy soils,22.8,88.1,4.7,2482,Kegalle,Wet,Tea,1,Suitable
Red-Yellow Latosols,22.3,78.3,4.7,2974,Kegalle,Wet,Tea,1,Suitable
Loamy soils,25.7,86.5,4.5,2628,Kegalle,Wet,Tea,1,Suitable
Loamy soils,28.3,78.1,5.7,2962,Kegalle,Wet,Tea,1,Suitable
Loam,25.5,85.5,5.0,2677,Kegalle,Wet,Tea,1,Suitable
Red-Yellow Latosols,29.1,90.5,5.3,2536,Kegalle,Wet,Tea,1,Suitable
Red-Yellow Latosols,29.4,91.5,5.1,2709,Kegalle,Wet,Tea,1,Suitable
Clay loam,24.2,91.4,5.3,2343,Kegalle,Wet,Tea,1,Suitable
Clay loam,24.3,81.9,5.8,2605,Kegalle,Wet,Tea,1,Suitable
Loamy soil,22.4,86.1,4.7,2283,Kegalle,Wet,Tea,1,Suitable
Red-Yellow Podzolic soils,25.5,85.1,4.9,2459,Kegalle,Wet,Tea,1,Suitable
Clay loam,22.7,82.2,5.7,3167,Kegalle,Wet,Tea,1,Suitable
Loam,24.7,86.0,4.5,3110,Kegalle,Wet,Tea,1,Suitable
Loamy soils,28.5,91.3,4.7,2291,Kegalle,Wet,Tea,1,Suitable
Red-Yellow Latosols,29.7,85.5,4.8,2214,Kegalle,Wet,Tea,1,Suitable
Loamy soils,25.6,87.7,5.8,2933,Kegalle,Wet,Tea,1,Suitable
Loam,24.3,85.5,5.0,2733,Kegalle,Wet,Tea,1,Suitable
Loamy soils,23.4,91.7,5.1,3053,Kegalle,Wet,Tea,1,Suitable
Red-Yellow Latosols,26.8,81.2,5.4,2744,Kegalle,Wet,Tea,1,Suitable
Clay loam,26.1,91.9,5.0,2811,Kegalle,Wet,Tea,1,Suitable
Red-Yellow Podzolic soils,28.2,80.4,5.0,2585,Kegalle,Wet,Tea,1,Suitable
Red-Yellow Latosols,25.5,88.9,5.5,2684,Kegalle,Wet,Tea,1,Suitable
Red-Yellow Latosols,26.6,82.8,4.8,3010,Kegalle,Wet,Tea,1,Suitable
Red-Yellow Latosols,23.8,85.1,4.5,2461,Kegalle,Wet,Tea,1,Suitable
Loamy soil,27.2,85.2,5.8,2646,Kegalle,Wet,Tea,1,Suitable
Loamy soil,26.6,90.1,5.2,2339,Kegalle,Wet,Tea,1,Suitable
Red-Yellow Latosols,28.9,86.2,5.0,2918,Kegalle,Wet,Tea,1,Suitable
Loam,22.7,84.4,5.6,2594,Kegalle,Wet,Tea,1,Suitable
Red-Yellow Latosols,24.0,91.5,5.3,3158,Kegalle,Wet,Cinnamon,0,Not Suitable
Loam,24.8,90.5,5.8,3167,Kegalle,Wet,Cinnamon,0,Not Suitable
Loamy soils,24.6,85.4,5.4,2888,Kegalle,Wet,Cinnamon,0,Not Suitable
Red-Yellow Latosols,27.9,78.7,5.6,2249,Kegalle,Wet,Cinnamon,1,Suitable
Red-Yellow Latosols,24.8,82.4,5.5,2691,Kegalle,Wet,Cinnamon,1,Suitable
Sandy loam,23.5,82.3,5.7,3175,Kegalle,Wet,Cinnamon,0,Not Suitable
Sandy loam,25.6,86.1,5.3,3183,Kegalle,Wet,Cinnamon,0,Not Suitable
Loam,27.5,88.0,5.0,2807,Kegalle,Wet,Cinnamon,0,Not Suitable
Loamy soils,27.4,78.9,6.4,2796,Kegalle,Wet,Cinnamon,1,Suitable
Loamy soils,23.7,89.8,6.7,2230,Kegalle,Wet,Cinnamon,0,Not Suitable
Red loam,25.7,81.0,6.9,2334,Kegalle,Wet,Cinnamon,1,Suitable
Clay loam,22.6,80.8,6.2,2548,Kegalle,Wet,Cinnamon,0,Not Suitable
Loamy soils,26.4,79.8,5.3,2490,Kegalle,Wet,Cinnamon,1,Suitable
Loam,23.7,83.8,5.3,2904,Kegalle,Wet,Cinnamon,0,Not Suitable
Clay loam,24.9,83.5,6.9,3176,Kegalle,Wet,Cinnamon,1,Suitable
Red-Yellow Podzolic soils,28.4,81.4,5.5,2268,Kegalle,Wet,Cinnamon,1,Suitable
Red loam,24.1,85.1,6.7,2978,Kegalle,Wet,Cinnamon,0,Not Suitable
Red loam,28.8,83.0,5.5,2887,Kegalle,Wet,Cinnamon,1,Suitable
Sandy Clay loam,22.5,87.8,5.7,2210,Kegalle,Wet,Cinnamon,0,Not Suitable
Sandy loam,24.6,87.7,5.5,2966,Kegalle,Wet,Cinnamon,0,Not Suitable
Loamy soils,28.5,82.1,6.4,2646,Kegalle,Wet,Cinnamon,1,Suitable
Sandy loam,27.5,91.8,6.3,2425,Kegalle,Wet,Cinnamon,1,Suitable
Red-Yellow Latosols,26.9,90.8,6.5,2356,Kegalle,Wet,Cinnamon,1,Suitable
Sandy loam,26.5,81.8,5.5,2674,Kegalle,Wet,Cinnamon,1,Suitable
Clay loam,26.6,90.4,6.2,2769,Kegalle,Wet,Cinnamon,0,Not Suitable
Loam,26.1,78.7,5.9,2433,Kegalle,Wet,Cinnamon,1,Suitable
Loamy soils,24.5,80.5,5.5,2704,Kegalle,Wet,Cinnamon,1,Suitable
Loamy soils,24.1,84.5,6.8,2333,Kegalle,Wet,Cinnamon,1,Suitable
Loam,28.9,87.9,6.5,2306,Kegalle,Wet,Cinnamon,1,Suitable
Clay loam,28.5,88.7,6.2,2314,Kegalle,Wet,Cinnamon,1,Suitable
Red-Yellow Latosols,28.7,86.1,6.1,2846,Kegalle,Wet,Pepper,1,Suitable
Reddish Brown Earth,26.2,78.5,5.6,2839,Kegalle,Wet,Pepper,1,Suitable
Sandy Clay loam,25.5,82.1,5.7,2745,Kegalle,Wet,Pepper,1,Suitable
Reddish Brown Earth,27.5,89.1,5.6,2363,Kegalle,Wet,Pepper,1,Suitable
Reddish Brown Earth,23.2,90.3,6.1,2728,Kegalle,Wet,Pepper,1,Suitable
Sandy Clay loam,22.9,87.1,6.6,3068,Kegalle,Wet,Pepper,1,Suitable
Red-Yellow Latosols,27.0,79.1,5.6,2312,Kegalle,Wet,Pepper,1,Suitable
Red-Yellow Podzolic soils,24.1,79.9,6.0,2460,Kegalle,Wet,Pepper,1,Suitable
Clay loam,29.5,86.5,6.4,3035,Kegalle,Wet,Pepper,1,Suitable
Loamy soil,22.9,88.3,6.3,2475,Kegalle,Wet,Pepper,1,Suitable
Sandy Clay loam,24.7,92.0,5.9,2464,Kegalle,Wet,Pepper,1,Suitable
Clay loam,29.4,78.3,6.4,2897,Kegalle,Wet,Pepper,1,Suitable
Red-Yellow Latosols,28.7,91.6,5.6,3176,Kegalle,Wet,Pepper,1,Suitable
Reddish Brown Earth,28.6,87.0,5.7,2847,Kegalle,Wet,Pepper,1,Suitable
Red-Yellow Latosols,27.2,91.8,6.1,3112,Kegalle,Wet,Pepper,1,Suitable
Loam,22.3,83.1,6.4,3026,Kegalle,Wet,Pepper,1,Suitable
Red-Yellow Podzolic soils,25.7,78.8,6.1,2627,Kegalle,Wet,Pepper,1,Suitable
Sandy Clay loam,29.4,87.0,6.2,2512,Kegalle,Wet,Pepper,1,Suitable
Loam,22.5,91.6,6.1,2560,Kegalle,Wet,Pepper,1,Suitable
Loam,24.8,87.6,6.4,2862,Kegalle,Wet,Pepper,1,Suitable
Red-Yellow Podzolic soils,24.1,82.4,6.4,2325,Kegalle,Wet,Pepper,1,Suitable
Red-Yellow Latosols,22.3,86.4,6.7,3070,Kegalle,Wet,Pepper,1,Suitable
Red-Yellow Podzolic soils,25.6,84.4,6.4,2277,Kegalle,Wet,Pepper,1,Suitable
Loamy soils,28.6,81.4,6.6,2621,Kegalle,Wet,Pepper,1,Suitable
Red-Yellow Latosols,29.0,81.4,5.8,2751,Kegalle,Wet,Pepper,1,Suitable
Red-Yellow Latosols,22.8,90.8,6.5,3021,Kegalle,Wet,Pepper,1,Suitable
Loamy soil,22.4,89.8,5.9,2638,Kegalle,Wet,Pepper,1,Suitable
Clay loam,26.4,79.3,6.3,2957,Kegalle,Wet,Pepper,1,Suitable
Loam,23.5,80.6,5.6,2384,Kegalle,Wet,Pepper,1,Suitable
Reddish Brown Earth,26.7,89.8,5.6,2217,Kegalle,Wet,Pepper,1,Suitable
Red loam,26.6,89.5,6.0,2527,Kegalle,Wet,Areca-nut,1,Suitable
Loamy soils,26.8,81.8,6.6,2227,Kegalle,Wet,Areca-nut,1,Suitable
Loamy soils,27.0,86.1,6.5,2942,Kegalle,Wet,Areca-nut,1,Suitable
Red loam,23.6,82.9,5.7,2326,Kegalle,Wet,Areca-nut,1,Suitable
Red-Yellow Podzolic soils,27.4,90.0,6.4,3163,Kegalle,Wet,Areca-nut,1,Suitable
Loamy soil,23.5,79.5,6.4,3013,Kegalle,Wet,Areca-nut,0,Not Suitable
Clay loam,26.9,88.9,6.8,2903,Kegalle,Wet,Areca-nut,1,Suitable
Red loam,22.4,88.5,5.9,3051,Kegalle,Wet,Areca-nut,0,Not Suitable
Loam,27.1,82.4,5.6,3158,Kegalle,Wet,Areca-nut,1,Suitable
Red loam,26.6,80.3,5.8,2912,Kegalle,Wet,Areca-nut,1,Suitable
Loam,23.9,84.9,5.8,3115,Kegalle,Wet,Areca-nut,0,Not Suitable
Sandy loam,23.2,88.6,6.9,2701,Kegalle,Wet,Areca-nut,1,Suitable
Clay loam,23.2,87.0,5.7,2433,Kegalle,Wet,Areca-nut,1,Suitable
Loamy soil,27.5,86.3,6.0,2955,Kegalle,Wet,Areca-nut,1,Suitable
Red loam,25.6,83.7,5.9,3184,Kegalle,Wet,Areca-nut,1,Suitable
Red loam,24.4,83.0,5.9,2765,Kegalle,Wet,Areca-nut,1,Suitable
Red loam,29.3,81.7,5.7,3096,Kegalle,Wet,Areca-nut,1,Suitable
Red-Yellow Latosols,27.3,90.7,7.0,2369,Kegalle,Wet,Areca-nut,1,Suitable
Clay loam,25.6,91.2,6.0,2877,Kegalle,Wet,Areca-nut,1,Suitable
Red loam,23.5,82.3,5.7,2293,Kegalle,Wet,Areca-nut,1,Suitable
Loam,22.8,83.9,5.7,2996,Kegalle,Wet,Areca-nut,1,Suitable
Loamy soil,23.0,87.0,5.6,2397,Kegalle,Wet,Areca-nut,1,Suitable
Loamy soils,23.3,90.9,6.0,3021,Kegalle,Wet,Areca-nut,0,Not Suitable
Sandy loam,27.2,85.5,6.5,2877,Kegalle,Wet,Areca-nut,1,Suitable
Loamy soil,27.0,81.7,6.2,2239,Kegalle,Wet,Areca-nut,1,Suitable
Clay loam,29.1,86.0,7.0,3032,Kegalle,Wet,Areca-nut,1,Suitable
Red loam,23.3,87.7,7.0,2874,Kegalle,Wet,Areca-nut,1,Suitable
Clay loam,29.9,87.6,6.7,2444,Kegalle,Wet,Areca-nut,1,Suitable
Red-Yellow Podzolic soils,22.9,88.9,6.1,3110,Kegalle,Wet,Areca-nut,0,Not Suitable
Red loam,27.0,84.0,6.0,2638,Kegalle,Wet,Areca-nut,1,Suitable
Red-Yellow Latosols,32.3,76.7,4.7,1370,Kilinochchi,Dry,Tea,0,Not Suitable
Loamy soils,33.1,72.7,4.6,1026,Kilinochchi,Dry,Tea,0,Not Suitable
Red-Yellow Podzolic soils,28.9,76.2,5.4,1217,Kilinochchi,Dry,Tea,0,Not Suitable
Red loam,28.8,72.4,5.0,914,Kilinochchi,Dry,Tea,0,Not Suitable
Loamy soils,31.4,60.9,4.8,1312,Kilinochchi,Dry,Tea,0,Not Suitable
Sandy regosol,31.6,66.1,4.6,1198,Kilinochchi,Dry,Tea,0,Not Suitable
Loamy soil,27.1,76.2,5.6,1035,Kilinochchi,Dry,Tea,0,Not Suitable
Reddish Brown Earth,34.0,62.2,5.4,1033,Kilinochchi,Dry,Tea,0,Not Suitable
Loamy soil,33.8,76.3,5.5,1151,Kilinochchi,Dry,Tea,0,Not Suitable
Loam,28.0,77.5,4.7,1382,Kilinochchi,Dry,Tea,0,Not Suitable
Red loam,29.1,60.0,5.6,1036,Kilinochchi,Dry,Tea,0,Not Suitable
Red-Yellow Podzolic soils,29.6,59.8,5.8,1071,Kilinochchi,Dry,Tea,0,Not Suitable
Red loam,31.4,66.3,5.8,983,Kilinochchi,Dry,Tea,0,Not Suitable
Red-Yellow Podzolic soils,32.7,63.6,4.6,935,Kilinochchi,Dry,Tea,0,Not Suitable
Red-Yellow Podzolic soils,27.8,69.6,5.1,1364,Kilinochchi,Dry,Tea,0,Not Suitable
Reddish Brown Earth,32.9,66.9,5.5,1254,Kilinochchi,Dry,Tea,0,Not Suitable
Loamy soil,28.2,65.2,4.6,1219,Kilinochchi,Dry,Tea,0,Not Suitable
Loamy soil,29.5,68.7,5.1,1398,Kilinochchi,Dry,Tea,0,Not Suitable
Loam,32.7,66.6,5.3,1298,Kilinochchi,Dry,Tea,0,Not Suitable
Reddish Brown Earth,33.2,66.2,5.3,1202,Kilinochchi,Dry,Tea,0,Not Suitable
Red loam,29.9,60.9,4.5,947,Kilinochchi,Dry,Tea,0,Not Suitable
Loam,33.1,62.7,5.5,1006,Kilinochchi,Dry,Tea,0,Not Suitable
Sandy regosol,29.2,68.1,5.7,981,Kilinochchi,Dry,Tea,0,Not Suitable
Reddish Brown Earth,33.0,75.3,5.5,1103,Kilinochchi,Dry,Tea,0,Not Suitable
Loam,28.0,58.2,5.3,910,Kilinochchi,Dry,Tea,0,Not Suitable
Red-Yellow Latosols,30.2,68.4,5.0,904,Kilinochchi,Dry,Tea,0,Not Suitable
Loam,32.0,66.9,4.8,1266,Kilinochchi,Dry,Tea,0,Not Suitable
Red loam,32.7,69.8,4.8,1005,Kilinochchi,Dry,Tea,0,Not Suitable
Loam,31.4,74.6,4.8,1108,Kilinochchi,Dry,Tea,0,Not Suitable
Clay loam,33.1,71.4,5.1,1124,Kilinochchi,Dry,Tea,0,Not Suitable
Reddish Brown Earth,28.4,70.5,7.0,1079,Kilinochchi,Dry,Cinnamon,0,Not Suitable
Red-Yellow Latosols,30.4,67.7,6.8,1183,Kilinochchi,Dry,Cinnamon,0,Not Suitable
Sandy regosol,32.6,67.0,6.1,1259,Kilinochchi,Dry,Cinnamon,0,Not Suitable
Red-Yellow Latosols,30.4,61.8,5.3,1132,Kilinochchi,Dry,Cinnamon,0,Not Suitable
Sandy regosol,33.4,64.7,6.0,1376,Kilinochchi,Dry,Cinnamon,0,Not Suitable
Reddish Brown Earth,31.4,68.9,5.6,965,Kilinochchi,Dry,Cinnamon,0,Not Suitable
Sandy Clay loam,27.7,70.5,6.5,1123,Kilinochchi,Dry,Cinnamon,0,Not Suitable
Sandy regosol,28.5,61.3,6.8,1103,Kilinochchi,Dry,Cinnamon,0,Not Suitable
Sandy Clay loam,32.0,66.4,5.0,1159,Kilinochchi,Dry,Cinnamon,0,Not Suitable
Sandy Clay loam,33.9,71.3,6.1,1043,Kilinochchi,Dry,Cinnamon,0,Not Suitable
Sandy regosol,27.8,77.3,6.2,987,Kilinochchi,Dry,Cinnamon,0,Not Suitable
Loam,28.7,72.4,6.3,1288,Kilinochchi,Dry,Cinnamon,0,Not Suitable
Red-Yellow Latosols,31.3,75.8,5.5,939,Kilinochchi,Dry,Cinnamon,0,Not Suitable
Sandy Clay loam,28.7,77.8,6.4,1095,Kilinochchi,Dry,Cinnamon,0,Not Suitable
Loam,31.8,62.2,5.4,1019,Kilinochchi,Dry,Cinnamon,0,Not Suitable
Red loam,29.9,62.7,6.7,910,Kilinochchi,Dry,Cinnamon,0,Not Suitable
Reddish Brown Earth,33.8,64.8,4.8,1069,Kilinochchi,Dry,Cinnamon,0,Not Suitable
Sandy loam,31.8,74.5,5.2,973,Kilinochchi,Dry,Cinnamon,0,Not Suitable
Reddish Brown Earth,32.5,70.3,6.2,922,Kilinochchi,Dry,Cinnamon,0,Not Suitable
Reddish Brown Earth,29.2,65.4,6.6,1285,Kilinochchi,Dry,Cinnamon,0,Not Suitable
Sandy Clay loam,29.8,76.9,6.5,1103,Kilinochchi,Dry,Cinnamon,0,Not Suitable
Loam,30.4,76.0,5.0,1354,Kilinochchi,Dry,Cinnamon,0,Not Suitable
Red-Yellow Latosols,33.6,74.5,5.2,1296,Kilinochchi,Dry,Cinnamon,0,Not Suitable
Loam,32.6,75.0,6.9,1045,Kilinochchi,Dry,Cinnamon,0,Not Suitable
Sandy regosol,27.3,61.0,6.1,1169,Kilinochchi,Dry,Cinnamon,0,Not Suitable
Sandy loam,31.5,58.3,4.9,1380,Kilinochchi,Dry,Cinnamon,0,Not Suitable
Loam,28.0,58.3,6.9,1183,Kilinochchi,Dry,Cinnamon,0,Not Suitable
Sandy regosol,31.7,74.5,6.0,907,Kilinochchi,Dry,Cinnamon,0,Not Suitable
Sandy loam,30.2,68.0,6.3,936,Kilinochchi,Dry,Cinnamon,0,Not Suitable
Loam,30.5,73.3,5.1,1143,Kilinochchi,Dry,Cinnamon,0,Not Suitable
Sandy Clay loam,31.5,61.4,6.3,1336,Kilinochchi,Dry,Pepper,0,Not Suitable
Sandy Clay loam,28.1,77.2,5.6,1159,Kilinochchi,Dry,Pepper,0,Not Suitable
Sandy loam,31.4,63.1,6.6,1302,Kilinochchi,Dry,Pepper,0,Not Suitable
Sandy loam,33.9,68.0,6.5,1127,Kilinochchi,Dry,Pepper,0,Not Suitable
Clay loam,27.9,68.9,5.6,1173,Kilinochchi,Dry,Pepper,0,Not Suitable
Sandy regosol,29.9,75.1,5.6,1328,Kilinochchi,Dry,Pepper,0,Not Suitable
Red loam,27.6,63.3,5.7,1337,Kilinochchi,Dry,Pepper,0,Not Suitable
Red loam,32.0,60.0,6.0,1212,Kilinochchi,Dry,Pepper,0,Not Suitable
Red-Yellow Latosols,32.5,62.7,5.8,1220,Kilinochchi,Dry,Pepper,0,Not Suitable
Loamy soil,32.0,75.5,6.6,963,Kilinochchi,Dry,Pepper,0,Not Suitable
Sandy Clay loam,31.2,60.5,5.7,1114,Kilinochchi,Dry,Pepper,0,Not Suitable
Red-Yellow Latosols,31.9,73.2,6.2,953,Kilinochchi,Dry,Pepper,0,Not Suitable
Sandy loam,32.7,76.7,6.7,1157,Kilinochchi,Dry,Pepper,0,Not Suitable
Sandy Clay loam,30.7,65.9,6.1,1324,Kilinochchi,Dry,Pepper,0,Not Suitable
Reddish Brown Earth,30.3,67.8,6.6,1323,Kilinochchi,Dry,Pepper,0,Not Suitable
Clay loam,29.8,64.7,6.2,1146,Kilinochchi,Dry,Pepper,0,Not Suitable
Sandy Clay loam,28.7,73.9,5.9,1143,Kilinochchi,Dry,Pepper,0,Not Suitable
Red-Yellow Latosols,27.7,62.8,5.9,1375,Kilinochchi,Dry,Pepper,0,Not Suitable
Loam,28.2,67.2,5.5,1054,Kilinochchi,Dry,Pepper,0,Not Suitable
Sandy loam,29.3,68.9,6.0,1176,Kilinochchi,Dry,Pepper,0,Not Suitable
Sandy Clay loam,30.1,77.3,5.8,1089,Kilinochchi,Dry,Pepper,0,Not Suitable
Red loam,28.7,67.2,5.8,1280,Kilinochchi,Dry,Pepper,0,Not Suitable
Clay loam,32.0,58.4,6.5,1109,Kilinochchi,Dry,Pepper,0,Not Suitable
Red loam,29.4,69.3,6.5,1002,Kilinochchi,Dry,Pepper,0,Not Suitable
Red-Yellow Latosols,27.4,75.1,6.6,999,Kilinochchi,Dry,Pepper,0,Not Suitable
Loam,29.5,72.5,6.7,1060,Kilinochchi,Dry,Pepper,0,Not Suitable
Sandy loam,27.9,61.6,5.6,1147,Kilinochchi,Dry,Pepper,0,Not Suitable
Reddish Brown Earth,28.4,76.9,6.0,1388,Kilinochchi,Dry,Pepper,0,Not Suitable
Sandy Clay loam,33.5,68.9,6.4,1035,Kilinochchi,Dry,Pepper,0,Not Suitable
Sandy Clay loam,31.6,77.8,6.4,1033,Kilinochchi,Dry,Pepper,0,Not Suitable
Loam,27.4,60.3,7.0,902,Kilinochchi,Dry,Areca-nut,0,Not Suitable
Clay loam,32.6,73.7,6.0,1155,Kilinochchi,Dry,Areca-nut,0,Not Suitable
Clay loam,28.1,63.7,6.6,1088,Kilinochchi,Dry,Areca-nut,0,Not Suitable
Sandy regosol,30.8,59.5,5.7,909,Kilinochchi,Dry,Areca-nut,0,Not Suitable
Loamy soil,29.9,76.7,6.7,1219,Kilinochchi,Dry,Areca-nut,0,Not Suitable
Loamy soil,30.3,65.2,6.8,954,Kilinochchi,Dry,Areca-nut,0,Not Suitable
Clay loam,32.5,61.4,6.2,1156,Kilinochchi,Dry,Areca-nut,0,Not Suitable
Sandy loam,31.4,76.9,6.3,1190,Kilinochchi,Dry,Areca-nut,0,Not Suitable
Clay loam,27.4,59.3,5.5,994,Kilinochchi,Dry,Areca-nut,0,Not Suitable
Red loam,32.2,72.5,6.8,968,Kilinochchi,Dry,Areca-nut,0,Not Suitable
Clay loam,28.1,64.0,6.1,1024,Kilinochchi,Dry,Areca-nut,0,Not Suitable
Red loam,28.8,67.8,7.0,1104,Kilinochchi,Dry,Areca-nut,0,Not Suitable
Loamy soil,27.4,60.8,6.4,926,Kilinochchi,Dry,Areca-nut,0,Not Suitable
Sandy regosol,27.4,74.7,6.3,1156,Kilinochchi,Dry,Areca-nut,0,Not Suitable
Sandy regosol,30.9,61.4,6.0,999,Kilinochchi,Dry,Areca-nut,0,Not Suitable
Loam,31.2,62.2,7.0,958,Kilinochchi,Dry,Areca-nut,0,Not Suitable
Clay loam,27.2,74.1,5.9,1294,Kilinochchi,Dry,Areca-nut,0,Not Suitable
Red loam,27.9,60.9,6.5,1249,Kilinochchi,Dry,Areca-nut,0,Not Suitable
Loam,32.5,76.7,5.7,1246,Kilinochchi,Dry,Areca-nut,0,Not Suitable
Clay loam,28.7,74.8,5.6,1005,Kilinochchi,Dry,Areca-nut,0,Not Suitable
Sandy regosol,31.9,66.1,6.5,1360,Kilinochchi,Dry,Areca-nut,0,Not Suitable
Loamy soil,27.6,77.0,6.0,1029,Kilinochchi,Dry,Areca-nut,0,Not Suitable
Loam,29.8,59.0,5.7,1148,Kilinochchi,Dry,Areca-nut,0,Not Suitable
Red loam,29.8,65.0,6.7,1286,Kilinochchi,Dry,Areca-nut,0,Not Suitable
Sandy regosol,28.1,65.3,5.7,1087,Kilinochchi,Dry,Areca-nut,0,Not Suitable
Loamy soil,32.6,72.1,6.1,995,Kilinochchi,Dry,Areca-nut,0,Not Suitable
Clay loam,27.7,70.6,7.0,961,Kilinochchi,Dry,Areca-nut,0,Not Suitable
Loam,32.5,65.8,6.9,1189,Kilinochchi,Dry,Areca-nut,0,Not Suitable
Red loam,30.9,61.5,6.8,1089,Kilinochchi,Dry,Areca-nut,0,Not Suitable
Loamy soil,31.5,71.0,6.8,1333,Kilinochchi,Dry,Areca-nut,0,Not Suitable
Red-Yellow Latosols,31.3,66.9,5.5,1635,Kurunegala,Intermediate,Tea,0,Not Suitable
Loamy soil,29.8,77.1,5.5,1333,Kurunegala,Intermediate,Tea,0,Not Suitable
Loam,29.5,66.7,4.7,1571,Kurunegala,Intermediate,Tea,0,Not Suitable
Loamy soil,26.0,65.4,5.2,1520,Kurunegala,Intermediate,Tea,1,Suitable
Clay loam,28.6,78.3,4.8,1869,Kurunegala,Intermediate,Tea,1,Suitable
Red loam,24.1,82.0,5.8,1325,Kurunegala,Intermediate,Tea,1,Suitable
Reddish Brown Earth,30.6,75.0,4.6,1985,Kurunegala,Intermediate,Tea,1,Suitable
Loamy soil,25.7,77.8,5.7,1480,Kurunegala,Intermediate,Tea,1,Suitable
Red-Yellow Podzolic soils,23.6,76.0,5.3,1673,Kurunegala,Intermediate,Tea,1,Suitable
Reddish Brown Earth,25.3,72.3,4.8,1875,Kurunegala,Intermediate,Tea,1,Suitable
Reddish Brown Earth,30.4,76.3,5.4,1810,Kurunegala,Intermediate,Tea,1,Suitable
Red loam,24.9,76.4,5.1,1894,Kurunegala,Intermediate,Tea,1,Suitable
Red loam,31.7,74.0,5.0,1314,Kurunegala,Intermediate,Tea,0,Not Suitable
Sandy loam,31.6,71.4,5.6,1894,Kurunegala,Intermediate,Tea,1,Suitable
Clay loam,26.2,66.7,4.9,1780,Kurunegala,Intermediate,Tea,1,Suitable
Sandy loam,30.0,73.9,5.5,1588,Kurunegala,Intermediate,Tea,1,Suitable
Red-Yellow Latosols,26.4,73.9,5.0,1501,Kurunegala,Intermediate,Tea,1,Suitable
Red-Yellow Latosols,27.7,81.2,5.2,1489,Kurunegala,Intermediate,Tea,1,Suitable
Red-Yellow Latosols,29.0,70.4,5.7,1422,Kurunegala,Intermediate,Tea,1,Suitable
Loam,29.5,76.5,4.5,1718,Kurunegala,Intermediate,Tea,1,Suitable
Loamy soil,28.6,75.2,5.0,1637,Kurunegala,Intermediate,Tea,1,Suitable
Red loam,23.7,68.9,5.0,1961,Kurunegala,Intermediate,Tea,1,Suitable
Loamy soils,27.2,66.1,5.4,1230,Kurunegala,Intermediate,Tea,0,Not Suitable
Red loam,27.8,75.2,5.5,1394,Kurunegala,Intermediate,Tea,0,Not Suitable
Red loam,24.5,68.8,4.9,1569,Kurunegala,Intermediate,Tea,1,Suitable
Red loam,25.2,77.9,5.6,1721,Kurunegala,Intermediate,Tea,1,Suitable
Red loam,26.8,66.5,5.8,1419,Kurunegala,Intermediate,Tea,1,Suitable
Red-Yellow Podzolic soils,28.4,79.2,5.2,1206,Kurunegala,Intermediate,Tea,0,Not Suitable
Loam,23.3,76.4,5.8,1937,Kurunegala,Intermediate,Tea,1,Suitable
Loamy soils,27.9,74.2,5.4,1956,Kurunegala,Intermediate,Tea,1,Suitable
Red loam,23.6,74.3,5.8,1392,Kurunegala,Intermediate,Cinnamon,1,Suitable
Sandy Clay loam,27.1,76.6,5.2,1485,Kurunegala,Intermediate,Cinnamon,1,Suitable
Sandy Clay loam,27.5,81.6,5.5,1731,Kurunegala,Intermediate,Cinnamon,1,Suitable
Sandy loam,31.4,83.2,4.9,1367,Kurunegala,Intermediate,Cinnamon,1,Suitable
Reddish Brown Earth,29.7,81.6,6.8,1974,Kurunegala,Intermediate,Cinnamon,1,Suitable
Clay loam,28.4,75.6,5.3,1222,Kurunegala,Intermediate,Cinnamon,1,Suitable
Red loam,27.1,77.6,6.4,1646,Kurunegala,Intermediate,Cinnamon,1,Suitable
Red-Yellow Latosols,25.5,76.3,5.7,1271,Kurunegala,Intermediate,Cinnamon,1,Suitable
Sandy Clay loam,29.8,78.9,5.4,1993,Kurunegala,Intermediate,Cinnamon,1,Suitable
Red-Yellow Latosols,27.5,71.6,6.7,1552,Kurunegala,Intermediate,Cinnamon,1,Suitable
Reddish Brown Earth,29.2,82.6,6.7,1363,Kurunegala,Intermediate,Cinnamon,1,Suitable
Sandy loam,23.5,82.8,5.5,1463,Kurunegala,Intermediate,Cinnamon,1,Suitable
Clay loam,27.6,83.8,5.6,1238,Kurunegala,Intermediate,Cinnamon,1,Suitable
Sandy loam,30.7,72.9,5.7,1359,Kurunegala,Intermediate,Cinnamon,1,Suitable
Red loam,26.5,83.3,5.9,1810,Kurunegala,Intermediate,Cinnamon,1,Suitable
Red-Yellow Latosols,31.9,74.3,5.4,1247,Kurunegala,Intermediate,Cinnamon,1,Suitable
Red-Yellow Latosols,26.9,68.1,6.5,1958,Kurunegala,Intermediate,Cinnamon,1,Suitable
Reddish Brown Earth,25.4,76.8,6.9,1777,Kurunegala,Intermediate,Cinnamon,1,Suitable
Red-Yellow Latosols,30.9,75.3,6.0,1820,Kurunegala,Intermediate,Cinnamon,1,Suitable
Sandy loam,28.0,67.3,6.0,1301,Kurunegala,Intermediate,Cinnamon,1,Suitable
Red loam,25.4,65.4,4.9,1778,Kurunegala,Intermediate,Cinnamon,1,Suitable
Sandy Clay loam,28.4,75.8,5.9,1975,Kurunegala,Intermediate,Cinnamon,1,Suitable
Clay loam,23.6,76.0,7.0,1873,Kurunegala,Intermediate,Cinnamon,1,Suitable
Reddish Brown Earth,26.9,71.4,5.2,1925,Kurunegala,Intermediate,Cinnamon,1,Suitable
Reddish Brown Earth,28.5,73.1,5.6,1233,Kurunegala,Intermediate,Cinnamon,1,Suitable
Red-Yellow Latosols,25.4,78.7,5.4,1959,Kurunegala,Intermediate,Cinnamon,1,Suitable
Red loam,30.3,66.1,5.0,1630,Kurunegala,Intermediate,Cinnamon,1,Suitable
Red-Yellow Latosols,31.4,80.3,6.6,1726,Kurunegala,Intermediate,Cinnamon,1,Suitable
Reddish Brown Earth,28.8,84.4,6.8,1771,Kurunegala,Intermediate,Cinnamon,1,Suitable
Clay loam,27.7,67.3,5.1,1623,Kurunegala,Intermediate,Cinnamon,1,Suitable
Sandy Clay loam,28.3,74.6,5.5,1698,Kurunegala,Intermediate,Pepper,1,Suitable
Red loam,24.8,74.8,6.0,1960,Kurunegala,Intermediate,Pepper,1,Suitable
Reddish Brown Earth,26.8,79.3,5.9,1683,Kurunegala,Intermediate,Pepper,1,Suitable
Red loam,26.7,69.4,5.7,1973,Kurunegala,Intermediate,Pepper,1,Suitable
Clay loam,26.3,65.5,6.5,1377,Kurunegala,Intermediate,Pepper,0,Not Suitable
Loam,24.8,66.6,5.5,1580,Kurunegala,Intermediate,Pepper,1,Suitable
Red-Yellow Latosols,23.8,81.2,6.7,1817,Kurunegala,Intermediate,Pepper,1,Suitable
Loamy soil,30.7,78.7,6.5,1242,Kurunegala,Intermediate,Pepper,1,Suitable
Sandy loam,30.6,81.0,5.8,1607,Kurunegala,Intermediate,Pepper,1,Suitable
Sandy loam,30.6,79.5,5.7,1985,Kurunegala,Intermediate,Pepper,1,Suitable
Clay loam,25.0,69.2,5.7,1834,Kurunegala,Intermediate,Pepper,1,Suitable
Sandy loam,23.6,85.0,6.6,1220,Kurunegala,Intermediate,Pepper,1,Suitable
Red loam,26.3,81.8,6.7,1644,Kurunegala,Intermediate,Pepper,1,Suitable
Clay loam,31.3,65.2,5.8,1260,Kurunegala,Intermediate,Pepper,0,Not Suitable
Red-Yellow Latosols,29.0,82.8,6.3,1568,Kurunegala,Intermediate,Pepper,1,Suitable
Red loam,24.7,81.1,5.8,1974,Kurunegala,Intermediate,Pepper,1,Suitable
Sandy Clay loam,27.5,66.7,6.2,1647,Kurunegala,Intermediate,Pepper,1,Suitable
Sandy loam,24.3,73.8,6.2,1467,Kurunegala,Intermediate,Pepper,1,Suitable
Reddish Brown Earth,28.3,65.2,6.4,1809,Kurunegala,Intermediate,Pepper,1,Suitable
Red-Yellow Latosols,26.3,66.1,6.7,1804,Kurunegala,Intermediate,Pepper,1,Suitable
Loamy soil,25.2,71.5,6.3,1347,Kurunegala,Intermediate,Pepper,1,Suitable
Loam,24.4,72.1,6.2,1758,Kurunegala,Intermediate,Pepper,1,Suitable
Sandy Clay loam,26.5,73.4,5.5,1650,Kurunegala,Intermediate,Pepper,1,Suitable
Loam,23.7,82.6,6.4,1262,Kurunegala,Intermediate,Pepper,1,Suitable
Sandy Clay loam,31.3,70.4,6.2,1496,Kurunegala,Intermediate,Pepper,1,Suitable
Loamy soil,30.9,83.8,5.6,1792,Kurunegala,Intermediate,Pepper,1,Suitable
Reddish Brown Earth,29.0,73.2,5.6,1577,Kurunegala,Intermediate,Pepper,1,Suitable
Sandy Clay loam,24.7,80.8,5.9,1563,Kurunegala,Intermediate,Pepper,1,Suitable
Sandy loam,26.5,82.1,5.9,1799,Kurunegala,Intermediate,Pepper,1,Suitable
Loamy soil,24.1,70.0,6.3,1937,Kurunegala,Intermediate,Pepper,1,Suitable
Sandy loam,27.8,76.9,6.7,1493,Kurunegala,Intermediate,Areca-nut,1,Suitable
Loam,27.7,67.3,6.3,1303,Kurunegala,Intermediate,Areca-nut,1,Suitable
Red loam,31.4,71.2,6.6,1896,Kurunegala,Intermediate,Areca-nut,1,Suitable
Loam,25.2,65.7,6.6,1281,Kurunegala,Intermediate,Areca-nut,1,Suitable
Loamy soils,24.8,72.4,6.6,1601,Kurunegala,Intermediate,Areca-nut,1,Suitable
Loamy soil,24.0,73.1,6.3,1588,Kurunegala,Intermediate,Areca-nut,1,Suitable
Loamy soil,30.4,68.4,6.5,1846,Kurunegala,Intermediate,Areca-nut,1,Suitable
Red loam,28.0,79.0,5.7,1530,Kurunegala,Intermediate,Areca-nut,1,Suitable
Loamy soils,29.0,75.5,6.0,1711,Kurunegala,Intermediate,Areca-nut,1,Suitable
Sandy loam,31.2,76.7,6.2,1268,Kurunegala,Intermediate,Areca-nut,1,Suitable
Sandy loam,29.8,80.9,6.8,1596,Kurunegala,Intermediate,Areca-nut,1,Suitable
Loam,25.4,73.2,6.8,1919,Kurunegala,Intermediate,Areca-nut,1,Suitable
Red loam,29.2,82.2,6.8,1271,Kurunegala,Intermediate,Areca-nut,1,Suitable
Loamy soils,25.9,68.6,6.1,1391,Kurunegala,Intermediate,Areca-nut,1,Suitable
Reddish Brown Earth,25.3,71.4,5.9,1308,Kurunegala,Intermediate,Areca-nut,1,Suitable
Loamy soil,28.2,73.8,6.6,1477,Kurunegala,Intermediate,Areca-nut,1,Suitable
Loamy soils,31.0,80.1,6.6,1466,Kurunegala,Intermediate,Areca-nut,1,Suitable
Sandy loam,24.4,67.6,6.7,1477,Kurunegala,Intermediate,Areca-nut,1,Suitable
Loamy soils,25.2,66.3,6.8,1305,Kurunegala,Intermediate,Areca-nut,1,Suitable
Loamy soil,28.7,70.1,6.3,1644,Kurunegala,Intermediate,Areca-nut,1,Suitable
Reddish Brown Earth,28.9,69.7,6.0,1892,Kurunegala,Intermediate,Areca-nut,1,Suitable
Reddish Brown Earth,29.2,65.3,6.0,1498,Kurunegala,Intermediate,Areca-nut,1,Suitable
Clay loam,27.9,66.5,5.8,1832,Kurunegala,Intermediate,Areca-nut,1,Suitable
Loam,29.1,81.1,6.6,1650,Kurunegala,Intermediate,Areca-nut,1,Suitable
Loam,29.0,72.1,5.9,1847,Kurunegala,Intermediate,Areca-nut,1,Suitable
Loam,28.1,79.9,6.0,1503,Kurunegala,Intermediate,Areca-nut,1,Suitable
Red loam,27.1,81.4,6.3,1944,Kurunegala,Intermediate,Areca-nut,1,Suitable
Sandy loam,29.0,83.1,5.8,1279,Kurunegala,Intermediate,Areca-nut,1,Suitable
Loamy soils,29.4,81.5,6.1,1886,Kurunegala,Intermediate,Areca-nut,1,Suitable
Sandy loam,23.8,73.8,5.9,1385,Kurunegala,Intermediate,Areca-nut,1,Suitable
Red-Yellow Podzolic soils,33.4,56.3,5.1,931,Mannar,Dry,Tea,0,Not Suitable
Red-Yellow Latosols,32.2,56.5,4.6,735,Mannar,Dry,Tea,0,Not Suitable
Red-Yellow Podzolic soils,34.7,68.7,4.8,784,Mannar,Dry,Tea,0,Not Suitable
Loamy soils,34.5,60.9,5.2,664,Mannar,Dry,Tea,0,Not Suitable
Red loam,34.6,55.1,5.7,695,Mannar,Dry,Tea,0,Not Suitable
Sandy regosol,29.2,56.9,5.6,828,Mannar,Dry,Tea,0,Not Suitable
Reddish Brown Earth,31.3,71.9,4.6,872,Mannar,Dry,Tea,0,Not Suitable
Sandy regosol,34.9,61.9,5.2,715,Mannar,Dry,Tea,0,Not Suitable
Red loam,30.1,56.5,5.1,601,Mannar,Dry,Tea,0,Not Suitable
Sandy loam,33.9,64.7,4.9,1000,Mannar,Dry,Tea,0,Not Suitable
Reddish Brown Earth,30.0,57.7,4.9,666,Mannar,Dry,Tea,0,Not Suitable
Loamy soils,33.5,70.4,4.8,990,Mannar,Dry,Tea,0,Not Suitable
Red-Yellow Latosols,34.2,60.6,5.6,645,Mannar,Dry,Tea,0,Not Suitable
Clay loam,32.5,57.8,4.9,772,Mannar,Dry,Tea,0,Not Suitable
Red loam,33.2,62.7,4.6,996,Mannar,Dry,Tea,0,Not Suitable
Red loam,30.5,63.2,4.9,801,Mannar,Dry,Tea,0,Not Suitable
Clay loam,33.1,69.9,5.5,975,Mannar,Dry,Tea,0,Not Suitable
Red-Yellow Latosols,34.0,64.4,4.9,930,Mannar,Dry,Tea,0,Not Suitable
Red-Yellow Podzolic soils,30.8,60.4,4.9,787,Mannar,Dry,Tea,0,Not Suitable
Sandy loam,34.7,60.3,5.2,639,Mannar,Dry,Tea,0,Not Suitable
Red-Yellow Podzolic soils,28.4,56.9,5.1,688,Mannar,Dry,Tea,0,Not Suitable
Red-Yellow Latosols,31.0,68.6,5.1,896,Mannar,Dry,Tea,0,Not Suitable
Reddish Brown Earth,30.3,60.4,4.6,910,Mannar,Dry,Tea,0,Not Suitable
Loam,28.1,68.5,4.7,791,Mannar,Dry,Tea,0,Not Suitable
Sandy regosol,29.6,70.9,5.4,944,Mannar,Dry,Tea,0,Not Suitable
Loamy soils,31.4,63.8,5.8,990,Mannar,Dry,Tea,0,Not Suitable
Sandy loam,29.5,68.8,4.8,679,Mannar,Dry,Tea,0,Not Suitable
Red-Yellow Latosols,32.7,61.9,4.6,973,Mannar,Dry,Tea,0,Not Suitable
Loamy soil,31.6,70.6,4.7,962,Mannar,Dry,Tea,0,Not Suitable
Reddish Brown Earth,30.6,65.5,5.8,664,Mannar,Dry,Tea,0,Not Suitable
Sandy regosol,34.4,57.8,5.0,648,Mannar,Dry,Cinnamon,0,Not Suitable
Reddish Brown Earth,34.4,58.3,5.8,767,Mannar,Dry,Cinnamon,0,Not Suitable
Red loam,32.2,56.2,6.8,691,Mannar,Dry,Cinnamon,0,Not Suitable
Sandy Clay loam,34.4,68.3,5.5,608,Mannar,Dry,Cinnamon,0,Not Suitable
Sandy Clay loam,32.4,59.7,6.2,964,Mannar,Dry,Cinnamon,0,Not Suitable
Sandy loam,28.5,70.5,5.0,983,Mannar,Dry,Cinnamon,0,Not Suitable
Sandy regosol,31.7,60.2,5.2,757,Mannar,Dry,Cinnamon,0,Not Suitable
Loam,32.0,71.3,5.0,801,Mannar,Dry,Cinnamon,0,Not Suitable
Sandy loam,32.3,60.8,5.8,942,Mannar,Dry,Cinnamon,0,Not Suitable
Sandy regosol,29.3,58.2,5.4,908,Mannar,Dry,Cinnamon,0,Not Suitable
Sandy regosol,33.4,58.5,5.8,729,Mannar,Dry,Cinnamon,0,Not Suitable
Sandy regosol,34.6,70.8,5.6,683,Mannar,Dry,Cinnamon,0,Not Suitable
Red-Yellow Latosols,29.0,63.7,6.8,784,Mannar,Dry,Cinnamon,0,Not Suitable
Sandy regosol,34.5,61.5,6.8,797,Mannar,Dry,Cinnamon,0,Not Suitable
Sandy regosol,33.6,55.1,5.7,728,Mannar,Dry,Cinnamon,0,Not Suitable
Sandy loam,29.6,58.4,6.2,615,Mannar,Dry,Cinnamon,0,Not Suitable
Reddish Brown Earth,29.8,55.9,6.6,692,Mannar,Dry,Cinnamon,0,Not Suitable
Red-Yellow Latosols,34.0,63.2,7.0,766,Mannar,Dry,Cinnamon,0,Not Suitable
Reddish Brown Earth,29.4,58.7,5.2,717,Mannar,Dry,Cinnamon,0,Not Suitable
Sandy loam,30.7,70.5,5.7,846,Mannar,Dry,Cinnamon,0,Not Suitable
Sandy Clay loam,34.5,55.8,6.0,684,Mannar,Dry,Cinnamon,0,Not Suitable
Reddish Brown Earth,32.3,55.7,6.2,761,Mannar,Dry,Cinnamon,0,Not Suitable
Loam,32.9,65.8,5.0,728,Mannar,Dry,Cinnamon,0,Not Suitable
Loam,31.0,57.2,5.8,979,Mannar,Dry,Cinnamon,0,Not Suitable
Sandy Clay loam,30.2,68.0,5.5,799,Mannar,Dry,Cinnamon,0,Not Suitable
Sandy loam,33.7,69.7,4.9,869,Mannar,Dry,Cinnamon,0,Not Suitable
Loam,32.0,68.0,5.3,655,Mannar,Dry,Cinnamon,0,Not Suitable
Red-Yellow Latosols,34.2,55.3,5.8,901,Mannar,Dry,Cinnamon,0,Not Suitable
Sandy loam,31.1,55.1,5.6,928,Mannar,Dry,Cinnamon,0,Not Suitable
Loam,31.8,66.5,6.9,881,Mannar,Dry,Cinnamon,0,Not Suitable
Reddish Brown Earth,31.7,61.8,6.3,981,Mannar,Dry,Pepper,0,Not Suitable
Red loam,30.1,57.1,6.0,937,Mannar,Dry,Pepper,0,Not Suitable
Clay loam,32.6,63.0,6.3,680,Mannar,Dry,Pepper,0,Not Suitable
Loam,28.4,62.0,6.1,819,Mannar,Dry,Pepper,0,Not Suitable
Sandy loam,33.2,69.1,5.6,908,Mannar,Dry,Pepper,0,Not Suitable
Clay loam,29.4,64.1,6.6,974,Mannar,Dry,Pepper,0,Not Suitable
Red-Yellow Latosols,33.9,60.2,6.1,772,Mannar,Dry,Pepper,0,Not Suitable
Clay loam,29.1,55.5,5.8,979,Mannar,Dry,Pepper,0,Not Suitable
Loam,29.7,56.4,6.3,971,Mannar,Dry,Pepper,0,Not Suitable
Sandy Clay loam,32.7,70.5,6.3,738,Mannar,Dry,Pepper,0,Not Suitable
Sandy Clay loam,28.3,58.2,6.5,932,Mannar,Dry,Pepper,0,Not Suitable
Loam,30.5,61.4,5.5,813,Mannar,Dry,Pepper,0,Not Suitable
Loam,29.7,58.5,6.5,700,Mannar,Dry,Pepper,0,Not Suitable
Red loam,30.0,58.3,6.6,802,Mannar,Dry,Pepper,0,Not Suitable
Sandy Clay loam,29.7,56.3,6.5,743,Mannar,Dry,Pepper,0,Not Suitable
Sandy loam,31.9,68.9,6.5,984,Mannar,Dry,Pepper,0,Not Suitable
Sandy regosol,32.2,63.4,6.8,616,Mannar,Dry,Pepper,0,Not Suitable
Reddish Brown Earth,30.7,57.6,5.9,867,Mannar,Dry,Pepper,0,Not Suitable
Sandy loam,32.1,65.0,6.6,778,Mannar,Dry,Pepper,0,Not Suitable
Reddish Brown Earth,29.9,62.6,6.4,815,Mannar,Dry,Pepper,0,Not Suitable
Sandy loam,33.5,61.7,5.7,858,Mannar,Dry,Pepper,0,Not Suitable
Clay loam,34.5,61.5,5.5,892,Mannar,Dry,Pepper,0,Not Suitable
Sandy regosol,29.4,63.3,6.2,951,Mannar,Dry,Pepper,0,Not Suitable
Red-Yellow Latosols,34.5,63.2,5.7,796,Mannar,Dry,Pepper,0,Not Suitable
Loamy soil,33.6,59.2,6.7,960,Mannar,Dry,Pepper,0,Not Suitable
Red-Yellow Latosols,34.6,63.8,6.5,871,Mannar,Dry,Pepper,0,Not Suitable
Sandy Clay loam,28.9,65.2,6.1,614,Mannar,Dry,Pepper,0,Not Suitable
Sandy regosol,29.1,58.1,6.1,746,Mannar,Dry,Pepper,0,Not Suitable
Sandy loam,32.4,56.3,5.7,801,Mannar,Dry,Pepper,0,Not Suitable
Reddish Brown Earth,32.0,65.8,6.5,823,Mannar,Dry,Pepper,0,Not Suitable
Sandy regosol,30.3,68.0,6.2,773,Mannar,Dry,Areca-nut,0,Not Suitable
Clay loam,32.5,55.3,6.4,862,Mannar,Dry,Areca-nut,0,Not Suitable
Sandy loam,30.2,56.5,6.9,636,Mannar,Dry,Areca-nut,0,Not Suitable
Clay loam,32.8,57.2,6.4,743,Mannar,Dry,Areca-nut,0,Not Suitable
Sandy regosol,33.8,55.7,6.8,695,Mannar,Dry,Areca-nut,0,Not Suitable
Red loam,28.1,58.4,6.4,984,Mannar,Dry,Areca-nut,0,Not Suitable
Clay loam,29.8,56.1,5.9,611,Mannar,Dry,Areca-nut,0,Not Suitable
Loamy soil,34.2,62.1,6.9,888,Mannar,Dry,Areca-nut,0,Not Suitable
Loamy soil,30.9,58.3,6.9,807,Mannar,Dry,Areca-nut,0,Not Suitable
Loamy soils,33.6,56.1,6.4,877,Mannar,Dry,Areca-nut,0,Not Suitable
Loamy soil,34.4,57.1,6.8,814,Mannar,Dry,Areca-nut,0,Not Suitable
Clay loam,30.9,63.2,5.9,628,Mannar,Dry,Areca-nut,0,Not Suitable
Loam,30.3,71.1,6.2,713,Mannar,Dry,Areca-nut,0,Not Suitable
Loamy soils,32.7,57.8,6.6,795,Mannar,Dry,Areca-nut,0,Not Suitable
Loamy soils,34.1,65.6,5.7,868,Mannar,Dry,Areca-nut,0,Not Suitable
Clay loam,34.6,57.3,5.9,910,Mannar,Dry,Areca-nut,0,Not Suitable
Sandy regosol,34.5,67.2,5.8,902,Mannar,Dry,Areca-nut,0,Not Suitable
Red loam,31.1,65.5,5.7,908,Mannar,Dry,Areca-nut,0,Not Suitable
Loamy soil,34.7,70.1,6.7,708,Mannar,Dry,Areca-nut,0,Not Suitable
Red loam,31.6,62.9,6.4,726,Mannar,Dry,Areca-nut,0,Not Suitable
Loamy soil,33.1,62.0,6.5,852,Mannar,Dry,Areca-nut,0,Not Suitable
Loam,33.0,55.9,6.2,944,Mannar,Dry,Areca-nut,0,Not Suitable
Sandy regosol,29.8,59.1,6.8,793,Mannar,Dry,Areca-nut,0,Not Suitable
Clay loam,30.6,67.7,6.2,639,Mannar,Dry,Areca-nut,0,Not Suitable
Red loam,34.9,68.1,6.3,684,Mannar,Dry,Areca-nut,0,Not Suitable
Red loam,29.6,62.0,6.7,912,Mannar,Dry,Areca-nut,0,Not Suitable
Clay loam,29.6,70.7,6.1,837,Mannar,Dry,Areca-nut,0,Not Suitable
Sandy regosol,31.5,65.3,6.2,824,Mannar,Dry,Areca-nut,0,Not Suitable
Sandy regosol,31.5,58.0,6.3,925,Mannar,Dry,Areca-nut,0,Not Suitable
Loamy soils,28.9,68.0,6.9,973,Mannar,Dry,Areca-nut,0,Not Suitable
Loamy soils,24.3,67.6,4.6,1515,Matale,Intermediate,Tea,1,Suitable
Red loam,29.4,68.5,5.0,1302,Matale,Intermediate,Tea,0,Not Suitable
Red-Yellow Podzolic soils,24.4,80.1,4.7,1465,Matale,Intermediate,Tea,1,Suitable
Loamy soil,23.4,74.7,5.3,1218,Matale,Intermediate,Tea,1,Suitable
Red-Yellow Podzolic soils,26.1,78.6,5.7,1850,Matale,Intermediate,Tea,1,Suitable
Loam,29.5,69.6,4.9,1205,Matale,Intermediate,Tea,0,Not Suitable
Loamy soil,29.1,83.5,4.6,1787,Matale,Intermediate,Tea,1,Suitable
Loamy soils,29.5,73.0,5.1,1107,Matale,Intermediate,Tea,0,Not Suitable
Clay loam,21.4,75.3,5.1,1371,Matale,Intermediate,Tea,1,Suitable
Loam,26.5,81.5,5.1,1630,Matale,Intermediate,Tea,1,Suitable
Sandy loam,28.4,82.2,5.2,1196,Matale,Intermediate,Tea,0,Not Suitable
Loamy soils,23.6,65.9,5.6,1635,Matale,Intermediate,Tea,1,Suitable
Loamy soil,22.5,80.4,5.7,1783,Matale,Intermediate,Tea,1,Suitable
Red-Yellow Latosols,23.4,82.2,5.2,1357,Matale,Intermediate,Tea,1,Suitable
Red loam,21.5,65.8,5.1,1676,Matale,Intermediate,Tea,1,Suitable
Loam,23.3,68.6,4.5,1636,Matale,Intermediate,Tea,1,Suitable
Red loam,28.3,66.5,5.0,1253,Matale,Intermediate,Tea,0,Not Suitable
Red-Yellow Podzolic soils,25.4,71.7,5.8,1357,Matale,Intermediate,Tea,1,Suitable
Loam,26.8,65.4,5.6,1444,Matale,Intermediate,Tea,1,Suitable
Red loam,23.7,66.8,5.3,1707,Matale,Intermediate,Tea,1,Suitable
Sandy loam,26.1,66.0,5.3,1212,Matale,Intermediate,Tea,0,Not Suitable
Reddish Brown Earth,22.9,74.6,4.9,1536,Matale,Intermediate,Tea,1,Suitable
Loamy soil,29.5,81.0,4.6,1678,Matale,Intermediate,Tea,1,Suitable
Loamy soil,22.0,74.4,5.8,1229,Matale,Intermediate,Tea,1,Suitable
Loamy soils,22.4,74.3,5.3,1391,Matale,Intermediate,Tea,1,Suitable
Loam,22.2,73.2,5.7,1320,Matale,Intermediate,Tea,1,Suitable
Red loam,21.4,82.4,4.9,1766,Matale,Intermediate,Tea,1,Suitable
Red-Yellow Podzolic soils,28.1,65.6,5.2,1873,Matale,Intermediate,Tea,0,Not Suitable
Loamy soil,23.7,71.9,5.8,1153,Matale,Intermediate,Tea,1,Suitable
Loamy soil,21.4,77.4,5.7,1454,Matale,Intermediate,Tea,1,Suitable
Reddish Brown Earth,23.2,75.1,6.3,1486,Matale,Intermediate,Cinnamon,1,Suitable
Red-Yellow Latosols,21.6,68.7,6.4,1272,Matale,Intermediate,Cinnamon,1,Suitable
Loam,22.7,75.9,6.7,1272,Matale,Intermediate,Cinnamon,1,Suitable
Clay loam,29.5,74.9,5.3,1382,Matale,Intermediate,Cinnamon,1,Suitable
Sandy loam,21.4,70.1,6.0,1623,Matale,Intermediate,Cinnamon,1,Suitable
Clay loam,29.5,72.5,5.9,1655,Matale,Intermediate,Cinnamon,1,Suitable
Red loam,25.6,70.1,5.8,1464,Matale,Intermediate,Cinnamon,1,Suitable
Reddish Brown Earth,27.4,82.9,4.9,1363,Matale,Intermediate,Cinnamon,1,Suitable
Red loam,25.5,75.3,6.5,1235,Matale,Intermediate,Cinnamon,1,Suitable
Sandy Clay loam,29.9,83.0,6.7,1258,Matale,Intermediate,Cinnamon,1,Suitable
Red loam,27.3,73.6,6.7,1532,Matale,Intermediate,Cinnamon,1,Suitable
Sandy loam,25.3,72.1,6.1,1495,Matale,Intermediate,Cinnamon,1,Suitable
Loam,22.7,82.1,6.2,1639,Matale,Intermediate,Cinnamon,1,Suitable
Loam,21.9,76.5,5.0,1197,Matale,Intermediate,Cinnamon,0,Not Suitable
Sandy Clay loam,25.7,72.7,5.0,1571,Matale,Intermediate,Cinnamon,1,Suitable
Sandy loam,24.9,68.3,6.0,1890,Matale,Intermediate,Cinnamon,1,Suitable
Reddish Brown Earth,27.2,71.2,6.9,1176,Matale,Intermediate,Cinnamon,1,Suitable
Clay loam,23.6,73.1,4.9,1620,Matale,Intermediate,Cinnamon,1,Suitable
Reddish Brown Earth,28.3,75.2,4.9,1323,Matale,Intermediate,Cinnamon,1,Suitable
Clay loam,22.5,82.0,5.3,1649,Matale,Intermediate,Cinnamon,1,Suitable
Loam,21.6,78.1,5.7,1558,Matale,Intermediate,Cinnamon,1,Suitable
Red loam,24.3,69.1,6.9,1636,Matale,Intermediate,Cinnamon,1,Suitable
Red-Yellow Latosols,22.6,76.3,5.8,1439,Matale,Intermediate,Cinnamon,1,Suitable
Red loam,23.3,80.7,6.0,1488,Matale,Intermediate,Cinnamon,1,Suitable
Sandy Clay loam,23.7,68.5,6.4,1169,Matale,Intermediate,Cinnamon,0,Not Suitable
Reddish Brown Earth,22.8,78.1,5.7,1412,Matale,Intermediate,Cinnamon,1,Suitable
Sandy loam,25.2,72.0,5.5,1180,Matale,Intermediate,Cinnamon,1,Suitable
Clay loam,27.0,77.6,5.8,1329,Matale,Intermediate,Cinnamon,1,Suitable
Red loam,22.7,69.0,6.8,1118,Matale,Intermediate,Cinnamon,0,Not Suitable
Sandy Clay loam,22.9,69.3,5.1,1324,Matale,Intermediate,Cinnamon,1,Suitable
Red-Yellow Latosols,26.8,66.4,6.3,1207,Matale,Intermediate,Pepper,0,Not Suitable
Reddish Brown Earth,24.1,78.5,5.8,1546,Matale,Intermediate,Pepper,1,Suitable
Sandy loam,26.9,67.2,6.1,1529,Matale,Intermediate,Pepper,1,Suitable
Red loam,23.4,76.5,6.8,1797,Matale,Intermediate,Pepper,1,Suitable
Sandy loam,26.5,72.7,5.8,1280,Matale,Intermediate,Pepper,1,Suitable
Red-Yellow Latosols,25.3,72.0,6.0,1831,Matale,Intermediate,Pepper,1,Suitable
Red loam,24.4,72.3,6.3,1769,Matale,Intermediate,Pepper,1,Suitable
Red-Yellow Latosols,26.5,71.3,5.5,1754,Matale,Intermediate,Pepper,1,Suitable
Sandy loam,28.8,74.7,6.1,1419,Matale,Intermediate,Pepper,1,Suitable
Loamy soil,27.0,65.2,6.1,1797,Matale,Intermediate,Pepper,1,Suitable
Loamy soil,24.1,67.6,6.1,1452,Matale,Intermediate,Pepper,0,Not Suitable
Sandy loam,24.6,77.9,6.7,1437,Matale,Intermediate,Pepper,1,Suitable
Clay loam,26.4,80.3,6.0,1187,Matale,Intermediate,Pepper,1,Suitable
Clay loam,24.0,75.8,5.6,1789,Matale,Intermediate,Pepper,1,Suitable
Red loam,21.7,81.2,6.4,1270,Matale,Intermediate,Pepper,1,Suitable
Red loam,25.9,80.8,5.7,1200,Matale,Intermediate,Pepper,1,Suitable
Loamy soil,26.0,83.0,5.9,1432,Matale,Intermediate,Pepper,1,Suitable
Reddish Brown Earth,26.5,82.7,6.8,1770,Matale,Intermediate,Pepper,1,Suitable
Sandy loam,21.2,67.1,6.6,1588,Matale,Intermediate,Pepper,1,Suitable
Reddish Brown Earth,23.6,69.5,5.6,1730,Matale,Intermediate,Pepper,1,Suitable
Red loam,24.3,74.6,6.4,1548,Matale,Intermediate,Pepper,1,Suitable
Reddish Brown Earth,24.2,76.6,6.2,1568,Matale,Intermediate,Pepper,1,Suitable
Red-Yellow Latosols,26.8,69.9,5.7,1168,Matale,Intermediate,Pepper,0,Not Suitable
Loam,23.0,74.5,6.4,1772,Matale,Intermediate,Pepper,1,Suitable
Loamy soil,28.1,71.7,6.0,1424,Matale,Intermediate,Pepper,1,Suitable
Loamy soil,22.7,66.2,6.8,1573,Matale,Intermediate,Pepper,1,Suitable
Red-Yellow Latosols,22.5,65.9,5.8,1724,Matale,Intermediate,Pepper,1,Suitable
Red loam,28.5,78.4,6.0,1857,Matale,Intermediate,Pepper,1,Suitable
Sandy loam,27.0,73.8,6.1,1604,Matale,Intermediate,Pepper,1,Suitable
Sandy loam,22.7,74.7,6.6,1523,Matale,Intermediate,Pepper,1,Suitable
Red loam,27.6,77.6,6.6,1191,Matale,Intermediate,Areca-nut,1,Suitable
Reddish Brown Earth,25.5,82.0,5.6,1836,Matale,Intermediate,Areca-nut,1,Suitable
Loamy soil,28.4,65.7,6.3,1394,Matale,Intermediate,Areca-nut,1,Suitable
Loamy soil,22.3,79.2,5.8,1107,Matale,Intermediate,Areca-nut,0,Not Suitable
Reddish Brown Earth,26.2,78.6,6.6,1833,Matale,Intermediate,Areca-nut,1,Suitable
Clay loam,27.0,72.5,5.7,1101,Matale,Intermediate,Areca-nut,1,Suitable
Reddish Brown Earth,25.8,77.8,6.6,1434,Matale,Intermediate,Areca-nut,1,Suitable
Loamy soils,25.7,66.4,6.8,1254,Matale,Intermediate,Areca-nut,1,Suitable
Reddish Brown Earth,27.5,82.0,7.0,1194,Matale,Intermediate,Areca-nut,1,Suitable
Loamy soils,22.9,65.2,5.9,1898,Matale,Intermediate,Areca-nut,1,Suitable
Clay loam,27.0,68.4,6.9,1564,Matale,Intermediate,Areca-nut,1,Suitable
Loam,23.9,77.7,6.4,1250,Matale,Intermediate,Areca-nut,1,Suitable
Sandy loam,24.0,69.0,5.8,1351,Matale,Intermediate,Areca-nut,1,Suitable
Red loam,29.1,72.5,6.2,1296,Matale,Intermediate,Areca-nut,1,Suitable
Loamy soil,23.9,79.1,6.2,1877,Matale,Intermediate,Areca-nut,1,Suitable
Loam,28.7,75.8,6.5,1226,Matale,Intermediate,Areca-nut,1,Suitable
Reddish Brown Earth,25.6,77.4,6.2,1812,Matale,Intermediate,Areca-nut,1,Suitable
Reddish Brown Earth,29.1,79.3,6.4,1491,Matale,Intermediate,Areca-nut,1,Suitable
Loamy soil,23.9,83.7,5.6,1634,Matale,Intermediate,Areca-nut,1,Suitable
Clay loam,23.9,76.8,5.5,1145,Matale,Intermediate,Areca-nut,0,Not Suitable
Red loam,25.1,71.3,5.9,1451,Matale,Intermediate,Areca-nut,1,Suitable
Sandy loam,22.5,78.1,5.8,1512,Matale,Intermediate,Areca-nut,1,Suitable
Loamy soils,23.9,76.2,5.7,1158,Matale,Intermediate,Areca-nut,0,Not Suitable
Loamy soils,21.7,80.4,6.6,1702,Matale,Intermediate,Areca-nut,1,Suitable
Clay loam,27.4,77.7,6.5,1482,Matale,Intermediate,Areca-nut,1,Suitable
Loamy soil,21.3,76.8,6.3,1722,Matale,Intermediate,Areca-nut,1,Suitable
Clay loam,24.2,70.3,6.5,1614,Matale,Intermediate,Areca-nut,1,Suitable
Sandy loam,28.8,71.5,6.3,1716,Matale,Intermediate,Areca-nut,1,Suitable
Loamy soils,28.9,75.0,6.4,1514,Matale,Intermediate,Areca-nut,1,Suitable
Sandy loam,27.7,83.3,5.6,1159,Matale,Intermediate,Areca-nut,1,Suitable
Red-Yellow Podzolic soils,30.5,82.5,5.1,2292,Matara,Wet,Tea,1,Suitable
Red-Yellow Latosols,23.7,86.3,4.9,2398,Matara,Wet,Tea,1,Suitable
Loam,25.4,87.4,5.6,1858,Matara,Wet,Tea,1,Suitable
Loam,25.1,83.5,5.4,2549,Matara,Wet,Tea,1,Suitable
Red-Yellow Latosols,26.3,85.0,4.9,2075,Matara,Wet,Tea,1,Suitable
Clay loam,31.0,86.0,5.0,2316,Matara,Wet,Tea,1,Suitable
Loamy soils,23.4,74.5,5.5,2243,Matara,Wet,Tea,1,Suitable
Clay loam,27.3,87.5,5.0,1827,Matara,Wet,Tea,1,Suitable
Clay loam,24.9,81.2,5.7,1858,Matara,Wet,Tea,1,Suitable
Loamy soils,24.8,88.8,5.8,2141,Matara,Wet,Tea,1,Suitable
Loamy soil,27.4,88.9,5.5,1804,Matara,Wet,Tea,1,Suitable
Clay loam,30.2,76.2,5.1,1877,Matara,Wet,Tea,1,Suitable
Loamy soils,30.5,82.7,4.7,2222,Matara,Wet,Tea,1,Suitable
Red-Yellow Latosols,23.0,87.0,5.3,1870,Matara,Wet,Tea,1,Suitable
Loamy soils,30.3,77.3,4.6,2332,Matara,Wet,Tea,1,Suitable
Loam,27.8,76.6,4.9,2389,Matara,Wet,Tea,1,Suitable
Loamy soils,26.7,83.6,5.5,1937,Matara,Wet,Tea,1,Suitable
Clay loam,25.4,84.6,5.4,1927,Matara,Wet,Tea,1,Suitable
Loamy soil,24.0,80.8,5.5,1998,Matara,Wet,Tea,1,Suitable
Red-Yellow Latosols,25.1,88.1,4.8,2513,Matara,Wet,Tea,1,Suitable
Loamy soils,27.9,75.4,5.4,2113,Matara,Wet,Tea,1,Suitable
Clay loam,28.3,84.0,5.0,2026,Matara,Wet,Tea,1,Suitable
Loamy soil,23.8,85.5,5.4,2203,Matara,Wet,Tea,1,Suitable
Loamy soils,25.0,79.2,4.5,2067,Matara,Wet,Tea,1,Suitable
Red-Yellow Latosols,25.7,86.9,5.2,2518,Matara,Wet,Tea,1,Suitable
Red-Yellow Latosols,26.6,74.5,4.5,2503,Matara,Wet,Tea,1,Suitable
Loam,30.6,81.8,5.7,2074,Matara,Wet,Tea,1,Suitable
Red-Yellow Latosols,23.2,83.3,4.8,2239,Matara,Wet,Tea,1,Suitable
Loamy soil,26.4,84.4,4.5,2382,Matara,Wet,Tea,1,Suitable
Clay loam,30.5,76.6,4.8,1987,Matara,Wet,Tea,1,Suitable
Loamy soils,23.3,76.0,5.5,2589,Matara,Wet,Cinnamon,0,Not Suitable
Loamy soils,23.9,75.7,6.7,2376,Matara,Wet,Cinnamon,1,Suitable
Sandy loam,25.1,74.3,4.9,1978,Matara,Wet,Cinnamon,1,Suitable
Loam,23.8,80.9,5.9,1984,Matara,Wet,Cinnamon,1,Suitable
Loam,25.0,89.0,6.0,2525,Matara,Wet,Cinnamon,0,Not Suitable
Clay loam,25.8,80.1,6.4,2129,Matara,Wet,Cinnamon,1,Suitable
Loam,26.6,87.7,5.5,2555,Matara,Wet,Cinnamon,0,Not Suitable
Red-Yellow Latosols,27.5,75.5,5.7,1960,Matara,Wet,Cinnamon,1,Suitable
Red-Yellow Podzolic soils,24.6,88.0,5.8,1927,Matara,Wet,Cinnamon,1,Suitable
Red loam,27.8,85.1,6.7,2106,Matara,Wet,Cinnamon,1,Suitable
Loam,27.5,81.0,5.8,1854,Matara,Wet,Cinnamon,1,Suitable
Sandy Clay loam,29.6,83.8,5.9,2466,Matara,Wet,Cinnamon,1,Suitable
Red-Yellow Latosols,23.9,74.2,6.3,2043,Matara,Wet,Cinnamon,1,Suitable
Red-Yellow Latosols,29.3,78.7,5.7,2197,Matara,Wet,Cinnamon,1,Suitable
Sandy Clay loam,26.3,77.7,5.2,1909,Matara,Wet,Cinnamon,1,Suitable
Red-Yellow Podzolic soils,23.4,77.2,6.2,1807,Matara,Wet,Cinnamon,1,Suitable
Red loam,25.5,89.6,5.6,1955,Matara,Wet,Cinnamon,1,Suitable
Red-Yellow Latosols,25.9,74.1,4.9,2471,Matara,Wet,Cinnamon,1,Suitable
Sandy Clay loam,30.5,88.3,6.0,2228,Matara,Wet,Cinnamon,1,Suitable
Clay loam,28.2,80.2,4.9,2318,Matara,Wet,Cinnamon,1,Suitable
Loam,23.4,81.3,6.8,2240,Matara,Wet,Cinnamon,1,Suitable
Loamy soils,23.8,87.2,5.7,1968,Matara,Wet,Cinnamon,0,Not Suitable
Sandy Clay loam,25.5,80.4,5.9,1920,Matara,Wet,Cinnamon,1,Suitable
Red loam,29.4,81.1,6.7,2192,Matara,Wet,Cinnamon,1,Suitable
Sandy Clay loam,28.6,81.8,6.7,2006,Matara,Wet,Cinnamon,1,Suitable
Sandy Clay loam,27.6,77.5,6.6,2015,Matara,Wet,Cinnamon,1,Suitable
Red-Yellow Podzolic soils,23.4,89.9,6.6,1904,Matara,Wet,Cinnamon,0,Not Suitable
Sandy loam,26.2,81.9,5.7,2505,Matara,Wet,Cinnamon,1,Suitable
Loamy soils,27.3,74.8,5.3,1802,Matara,Wet,Cinnamon,1,Suitable
Sandy loam,28.4,75.9,5.7,1891,Matara,Wet,Cinnamon,1,Suitable
Loamy soil,28.2,85.4,5.6,1943,Matara,Wet,Pepper,1,Suitable
Loamy soil,30.5,78.2,6.6,2483,Matara,Wet,Pepper,1,Suitable
Sandy Clay loam,29.2,76.7,6.5,2457,Matara,Wet,Pepper,1,Suitable
Loamy soils,27.8,79.4,5.7,2010,Matara,Wet,Pepper,1,Suitable
Loamy soil,27.1,83.4,6.1,2087,Matara,Wet,Pepper,1,Suitable
Clay loam,25.9,84.3,5.7,2521,Matara,Wet,Pepper,1,Suitable
Loamy soil,26.1,76.3,6.4,2300,Matara,Wet,Pepper,1,Suitable
Red-Yellow Podzolic soils,30.5,78.5,5.6,2560,Matara,Wet,Pepper,1,Suitable
Reddish Brown Earth,27.8,74.9,6.2,2515,Matara,Wet,Pepper,1,Suitable
Clay loam,28.4,87.3,5.6,1920,Matara,Wet,Pepper,1,Suitable
Red-Yellow Latosols,30.0,79.0,6.1,1903,Matara,Wet,Pepper,1,Suitable
Reddish Brown Earth,27.8,74.5,5.5,2020,Matara,Wet,Pepper,1,Suitable
Red-Yellow Podzolic soils,26.4,88.3,6.3,2586,Matara,Wet,Pepper,1,Suitable
Loamy soils,24.3,88.5,5.7,2213,Matara,Wet,Pepper,1,Suitable
Clay loam,30.4,86.1,6.4,2385,Matara,Wet,Pepper,1,Suitable
Loam,24.6,77.4,5.8,2351,Matara,Wet,Pepper,1,Suitable
Red-Yellow Latosols,26.5,86.5,6.1,2427,Matara,Wet,Pepper,1,Suitable
Sandy Clay loam,29.3,87.4,5.8,2324,Matara,Wet,Pepper,1,Suitable
Sandy Clay loam,25.2,79.0,5.9,1893,Matara,Wet,Pepper,1,Suitable
Red-Yellow Podzolic soils,24.7,81.3,5.6,2527,Matara,Wet,Pepper,1,Suitable
Loamy soils,28.8,85.0,6.7,1877,Matara,Wet,Pepper,1,Suitable
Loamy soil,27.5,79.8,5.8,2405,Matara,Wet,Pepper,1,Suitable
Loamy soil,28.5,74.6,6.1,2472,Matara,Wet,Pepper,1,Suitable
Red-Yellow Podzolic soils,28.1,77.5,6.5,2342,Matara,Wet,Pepper,1,Suitable
Loamy soils,26.8,83.9,6.7,2165,Matara,Wet,Pepper,1,Suitable
Reddish Brown Earth,27.0,87.5,6.0,2441,Matara,Wet,Pepper,1,Suitable
Reddish Brown Earth,24.8,80.5,5.8,2461,Matara,Wet,Pepper,1,Suitable
Reddish Brown Earth,27.2,86.9,6.3,2083,Matara,Wet,Pepper,1,Suitable
Red-Yellow Latosols,25.0,75.7,5.6,2436,Matara,Wet,Pepper,1,Suitable
Reddish Brown Earth,25.2,87.7,6.8,2077,Matara,Wet,Pepper,1,Suitable
Loam,30.8,78.3,6.6,1833,Matara,Wet,Areca-nut,1,Suitable
Clay loam,26.6,75.6,5.5,2366,Matara,Wet,Areca-nut,1,Suitable
Red loam,30.0,76.2,5.8,1902,Matara,Wet,Areca-nut,1,Suitable
Sandy loam,30.7,85.1,6.1,2441,Matara,Wet,Areca-nut,1,Suitable
Red-Yellow Podzolic soils,25.7,77.8,6.3,2185,Matara,Wet,Areca-nut,1,Suitable
Red-Yellow Podzolic soils,28.1,78.1,5.8,2559,Matara,Wet,Areca-nut,1,Suitable
Loamy soil,30.7,74.2,6.0,2185,Matara,Wet,Areca-nut,1,Suitable
Loam,26.6,83.1,6.1,2148,Matara,Wet,Areca-nut,1,Suitable
Loam,28.9,85.0,5.9,2467,Matara,Wet,Areca-nut,1,Suitable
Red-Yellow Latosols,27.9,83.4,6.2,2096,Matara,Wet,Areca-nut,1,Suitable
Sandy loam,25.5,76.3,5.7,1971,Matara,Wet,Areca-nut,1,Suitable
Sandy loam,28.5,84.6,6.6,2560,Matara,Wet,Areca-nut,1,Suitable
Red-Yellow Latosols,23.4,88.1,6.2,2490,Matara,Wet,Areca-nut,1,Suitable
Loam,27.7,89.6,6.9,2226,Matara,Wet,Areca-nut,1,Suitable
Clay loam,23.7,77.1,6.4,2153,Matara,Wet,Areca-nut,1,Suitable
Red loam,29.5,89.8,5.6,2111,Matara,Wet,Areca-nut,1,Suitable
Loamy soils,29.4,83.7,6.2,1959,Matara,Wet,Areca-nut,1,Suitable
Red-Yellow Latosols,28.9,86.3,6.0,2200,Matara,Wet,Areca-nut,1,Suitable
Loamy soil,30.8,84.6,5.9,2127,Matara,Wet,Areca-nut,1,Suitable
Red loam,28.8,77.9,6.3,1937,Matara,Wet,Areca-nut,1,Suitable
Loamy soil,25.3,84.1,6.5,1894,Matara,Wet,Areca-nut,1,Suitable
Loam,25.3,74.0,6.9,1902,Matara,Wet,Areca-nut,1,Suitable
Red loam,29.9,77.7,6.4,2423,Matara,Wet,Areca-nut,1,Suitable
Loam,30.8,80.0,5.6,2345,Matara,Wet,Areca-nut,1,Suitable
Red-Yellow Podzolic soils,26.2,89.4,5.9,2231,Matara,Wet,Areca-nut,1,Suitable
Loamy soil,24.0,85.3,6.1,2316,Matara,Wet,Areca-nut,1,Suitable
Red-Yellow Latosols,30.6,74.4,6.9,2043,Matara,Wet,Areca-nut,1,Suitable
Clay loam,25.6,78.0,6.7,2227,Matara,Wet,Areca-nut,1,Suitable
Red loam,23.8,89.1,5.8,2436,Matara,Wet,Areca-nut,1,Suitable
Sandy loam,28.7,80.2,6.7,2122,Matara,Wet,Areca-nut,1,Suitable
Red-Yellow Latosols,31.7,64.5,5.1,1252,Monaragala,Intermediate,Tea,0,Not Suitable
Clay loam,26.4,69.3,5.4,1031,Monaragala,Intermediate,Tea,0,Not Suitable
Sandy loam,26.9,65.9,5.5,1490,Monaragala,Intermediate,Tea,1,Suitable
Red loam,27.4,68.0,4.9,1383,Monaragala,Intermediate,Tea,0,Not Suitable
Sandy loam,25.1,76.6,4.6,1024,Monaragala,Intermediate,Tea,1,Suitable
Loamy soils,23.1,65.1,5.8,1041,Monaragala,Intermediate,Tea,0,Not Suitable
Loamy soil,25.6,65.0,5.7,1145,Monaragala,Intermediate,Tea,0,Not Suitable
Loamy soil,27.7,69.3,5.0,1524,Monaragala,Intermediate,Tea,0,Not Suitable
Red-Yellow Latosols,26.0,66.1,4.9,1227,Monaragala,Intermediate,Tea,0,Not Suitable
Loamy soil,29.1,67.8,4.6,1346,Monaragala,Intermediate,Tea,0,Not Suitable
Red loam,24.7,70.1,5.0,1562,Monaragala,Intermediate,Tea,1,Suitable
Reddish Brown Earth,29.0,67.1,4.6,1076,Monaragala,Intermediate,Tea,0,Not Suitable
Red-Yellow Latosols,25.7,65.2,5.5,1104,Monaragala,Intermediate,Tea,0,Not Suitable
Loamy soils,23.1,73.2,5.2,1228,Monaragala,Intermediate,Tea,1,Suitable
Red-Yellow Latosols,28.1,68.3,5.5,1177,Monaragala,Intermediate,Tea,0,Not Suitable
Loam,30.8,65.9,5.7,1059,Monaragala,Intermediate,Tea,0,Not Suitable
Loam,26.1,73.0,4.7,1216,Monaragala,Intermediate,Tea,1,Suitable
Loam,28.3,72.5,5.1,1122,Monaragala,Intermediate,Tea,0,Not Suitable
Red loam,30.2,73.8,5.2,1058,Monaragala,Intermediate,Tea,0,Not Suitable
Loamy soil,29.3,77.9,4.7,1377,Monaragala,Intermediate,Tea,0,Not Suitable
Red-Yellow Podzolic soils,29.4,75.5,5.0,1015,Monaragala,Intermediate,Tea,0,Not Suitable
Red-Yellow Latosols,26.0,75.4,5.3,1130,Monaragala,Intermediate,Tea,1,Suitable
Red-Yellow Podzolic soils,31.2,78.0,5.8,1553,Monaragala,Intermediate,Tea,1,Suitable
Red loam,23.1,74.5,5.6,1248,Monaragala,Intermediate,Tea,1,Suitable
Red-Yellow Latosols,25.3,81.6,5.5,1368,Monaragala,Intermediate,Tea,1,Suitable
Red loam,23.8,65.7,4.5,1455,Monaragala,Intermediate,Tea,1,Suitable
Loamy soil,30.4,62.3,5.0,1394,Monaragala,Intermediate,Tea,0,Not Suitable
Loamy soil,28.5,75.9,4.6,1205,Monaragala,Intermediate,Tea,0,Not Suitable
Red loam,23.6,73.8,5.5,1312,Monaragala,Intermediate,Tea,1,Suitable
Loamy soils,27.6,70.4,4.5,1239,Monaragala,Intermediate,Tea,0,Not Suitable
Clay loam,26.0,81.5,5.5,1524,Monaragala,Intermediate,Cinnamon,1,Suitable
Sandy Clay loam,28.3,78.9,4.8,1265,Monaragala,Intermediate,Cinnamon,1,Suitable
Red-Yellow Latosols,23.7,72.2,6.3,1582,Monaragala,Intermediate,Cinnamon,1,Suitable
Red loam,23.6,65.8,6.7,1463,Monaragala,Intermediate,Cinnamon,1,Suitable
Clay loam,28.6,74.9,6.6,1017,Monaragala,Intermediate,Cinnamon,1,Suitable
Red loam,30.1,67.2,5.3,1425,Monaragala,Intermediate,Cinnamon,1,Suitable
Clay loam,23.4,66.0,5.5,1107,Monaragala,Intermediate,Cinnamon,0,Not Suitable
Red-Yellow Latosols,26.8,72.2,5.4,1286,Monaragala,Intermediate,Cinnamon,1,Suitable
Clay loam,23.3,74.1,5.5,1237,Monaragala,Intermediate,Cinnamon,0,Not Suitable
Clay loam,30.8,76.9,5.9,1515,Monaragala,Intermediate,Cinnamon,1,Suitable
Reddish Brown Earth,24.2,75.9,5.8,1124,Monaragala,Intermediate,Cinnamon,1,Suitable
Sandy Clay loam,23.6,78.5,6.8,1076,Monaragala,Intermediate,Cinnamon,0,Not Suitable
Clay loam,30.8,71.3,6.2,1447,Monaragala,Intermediate,Cinnamon,1,Suitable
Red loam,30.2,70.6,5.8,1471,Monaragala,Intermediate,Cinnamon,1,Suitable
Reddish Brown Earth,31.5,71.7,6.5,1278,Monaragala,Intermediate,Cinnamon,1,Suitable
Red-Yellow Latosols,30.4,73.1,5.8,1108,Monaragala,Intermediate,Cinnamon,1,Suitable
Loam,31.7,77.1,4.9,1487,Monaragala,Intermediate,Cinnamon,1,Suitable
Red loam,27.2,74.9,4.9,1498,Monaragala,Intermediate,Cinnamon,1,Suitable
Red loam,30.7,73.0,5.5,1118,Monaragala,Intermediate,Cinnamon,1,Suitable
Sandy Clay loam,25.5,72.6,5.1,1031,Monaragala,Intermediate,Cinnamon,1,Suitable
Loam,30.3,64.7,5.8,1140,Monaragala,Intermediate,Cinnamon,1,Suitable
Reddish Brown Earth,27.7,77.3,6.5,1268,Monaragala,Intermediate,Cinnamon,1,Suitable
Clay loam,28.6,64.3,5.8,1094,Monaragala,Intermediate,Cinnamon,1,Suitable
Red loam,26.6,76.9,5.7,1348,Monaragala,Intermediate,Cinnamon,1,Suitable
Red-Yellow Latosols,24.5,66.5,5.7,1345,Monaragala,Intermediate,Cinnamon,1,Suitable
Sandy Clay loam,27.6,65.4,6.7,1398,Monaragala,Intermediate,Cinnamon,1,Suitable
Red-Yellow Latosols,25.3,71.8,5.5,1585,Monaragala,Intermediate,Cinnamon,1,Suitable
Sandy Clay loam,28.4,63.8,5.0,1364,Monaragala,Intermediate,Cinnamon,1,Suitable
Sandy Clay loam,31.6,76.3,6.3,1473,Monaragala,Intermediate,Cinnamon,1,Suitable
Loam,28.3,71.0,6.9,1515,Monaragala,Intermediate,Cinnamon,1,Suitable
Red-Yellow Latosols,27.5,80.6,6.2,1350,Monaragala,Intermediate,Pepper,1,Suitable
Clay loam,27.1,66.2,5.8,1002,Monaragala,Intermediate,Pepper,0,Not Suitable
Reddish Brown Earth,27.6,69.6,6.8,1269,Monaragala,Intermediate,Pepper,0,Not Suitable
Loam,26.2,71.0,5.6,1080,Monaragala,Intermediate,Pepper,1,Suitable
Red-Yellow Latosols,30.0,73.4,5.7,1456,Monaragala,Intermediate,Pepper,1,Suitable
Red loam,28.1,67.1,5.5,1137,Monaragala,Intermediate,Pepper,0,Not Suitable
Sandy Clay loam,24.2,68.2,6.8,1070,Monaragala,Intermediate,Pepper,0,Not Suitable
Red loam,25.8,64.6,6.3,1119,Monaragala,Intermediate,Pepper,0,Not Suitable
Reddish Brown Earth,23.6,79.2,5.8,1577,Monaragala,Intermediate,Pepper,1,Suitable
Loam,27.1,62.4,6.0,1384,Monaragala,Intermediate,Pepper,0,Not Suitable
Sandy loam,25.4,66.1,6.0,1392,Monaragala,Intermediate,Pepper,0,Not Suitable
Reddish Brown Earth,24.6,75.8,6.6,1339,Monaragala,Intermediate,Pepper,1,Suitable
Loam,24.1,77.7,5.6,1404,Monaragala,Intermediate,Pepper,1,Suitable
Red-Yellow Latosols,29.3,70.8,5.7,1567,Monaragala,Intermediate,Pepper,1,Suitable
Loamy soil,28.8,69.6,5.9,1574,Monaragala,Intermediate,Pepper,1,Suitable
Sandy Clay loam,31.7,80.0,6.5,1162,Monaragala,Intermediate,Pepper,1,Suitable
Red loam,32.0,67.1,6.2,1262,Monaragala,Intermediate,Pepper,0,Not Suitable
Sandy Clay loam,25.7,62.3,5.9,1132,Monaragala,Intermediate,Pepper,0,Not Suitable
Reddish Brown Earth,27.0,65.4,6.4,1524,Monaragala,Intermediate,Pepper,1,Suitable
Sandy Clay loam,23.8,75.0,6.7,1392,Monaragala,Intermediate,Pepper,1,Suitable
Red-Yellow Latosols,23.0,67.0,6.7,1557,Monaragala,Intermediate,Pepper,1,Suitable
Loam,29.5,77.3,6.2,1055,Monaragala,Intermediate,Pepper,1,Suitable
Red loam,25.1,65.6,5.7,1486,Monaragala,Intermediate,Pepper,0,Not Suitable
Reddish Brown Earth,27.2,80.8,6.8,1111,Monaragala,Intermediate,Pepper,1,Suitable
Loamy soil,31.9,73.1,5.9,1102,Monaragala,Intermediate,Pepper,1,Suitable
Red-Yellow Latosols,26.8,68.2,6.8,1168,Monaragala,Intermediate,Pepper,0,Not Suitable
Sandy Clay loam,24.4,76.7,6.3,1000,Monaragala,Intermediate,Pepper,1,Suitable
Loamy soil,31.2,67.8,6.3,1111,Monaragala,Intermediate,Pepper,0,Not Suitable
Red loam,29.4,75.8,5.8,1192,Monaragala,Intermediate,Pepper,1,Suitable
Red-Yellow Latosols,31.6,80.5,6.6,1274,Monaragala,Intermediate,Pepper,1,Suitable
Clay loam,27.1,70.5,6.1,1094,Monaragala,Intermediate,Areca-nut,1,Suitable
Red loam,27.8,62.5,6.7,1266,Monaragala,Intermediate,Areca-nut,1,Suitable
Clay loam,29.1,74.7,5.5,1546,Monaragala,Intermediate,Areca-nut,1,Suitable
Red loam,28.0,77.7,6.0,1325,Monaragala,Intermediate,Areca-nut,1,Suitable
Loamy soil,24.2,79.8,6.8,1282,Monaragala,Intermediate,Areca-nut,1,Suitable
Loamy soils,28.3,75.5,6.5,1483,Monaragala,Intermediate,Areca-nut,1,Suitable
Loamy soils,26.6,72.3,6.1,1482,Monaragala,Intermediate,Areca-nut,1,Suitable
Loamy soil,26.5,63.9,5.6,1549,Monaragala,Intermediate,Areca-nut,1,Suitable
Loamy soil,28.8,70.3,6.5,1243,Monaragala,Intermediate,Areca-nut,1,Suitable
Loamy soil,23.6,73.9,6.7,1463,Monaragala,Intermediate,Areca-nut,1,Suitable
Loamy soils,24.5,79.9,6.8,1394,Monaragala,Intermediate,Areca-nut,1,Suitable
Loamy soil,27.4,72.8,6.8,1551,Monaragala,Intermediate,Areca-nut,1,Suitable
Red loam,27.0,67.5,6.1,1236,Monaragala,Intermediate,Areca-nut,1,Suitable
Clay loam,25.6,67.4,5.6,1517,Monaragala,Intermediate,Areca-nut,1,Suitable
Reddish Brown Earth,29.1,65.5,5.6,1207,Monaragala,Intermediate,Areca-nut,1,Suitable
Sandy loam,25.4,77.4,5.8,1531,Monaragala,Intermediate,Areca-nut,1,Suitable
Sandy loam,27.2,71.4,6.6,1524,Monaragala,Intermediate,Areca-nut,1,Suitable
Red loam,27.6,75.4,5.5,1508,Monaragala,Intermediate,Areca-nut,1,Suitable
Clay loam,26.6,80.1,6.3,1444,Monaragala,Intermediate,Areca-nut,1,Suitable
Red loam,27.8,69.0,6.5,1312,Monaragala,Intermediate,Areca-nut,1,Suitable
Sandy loam,26.8,76.3,5.7,1517,Monaragala,Intermediate,Areca-nut,1,Suitable
Red loam,27.1,70.2,5.9,1412,Monaragala,Intermediate,Areca-nut,1,Suitable
Loamy soils,28.8,79.5,6.9,1251,Monaragala,Intermediate,Areca-nut,1,Suitable
Red loam,31.9,64.1,6.9,1140,Monaragala,Intermediate,Areca-nut,0,Not Suitable
Loamy soil,31.6,64.0,5.7,1009,Monaragala,Intermediate,Areca-nut,0,Not Suitable
Sandy loam,32.0,65.6,6.8,1302,Monaragala,Intermediate,Areca-nut,1,Suitable
Loamy soil,23.2,74.1,6.8,1166,Monaragala,Intermediate,Areca-nut,0,Not Suitable
Loamy soil,25.6,75.7,5.8,1405,Monaragala,Intermediate,Areca-nut,1,Suitable
Reddish Brown Earth,23.3,70.2,6.7,1174,Monaragala,Intermediate,Areca-nut,0,Not Suitable
Red loam,30.2,71.1,6.4,1364,Monaragala,Intermediate,Areca-nut,1,Suitable
Clay loam,32.8,70.5,4.8,1138,Mullaitivu,Dry,Tea,0,Not Suitable
Loamy soil,30.8,71.0,4.6,1220,Mullaitivu,Dry,Tea,0,Not Suitable
Red-Yellow Podzolic soils,32.0,66.3,5.0,1098,Mullaitivu,Dry,Tea,0,Not Suitable
Sandy regosol,28.6,73.7,5.1,1186,Mullaitivu,Dry,Tea,0,Not Suitable
Sandy regosol,30.8,66.1,5.6,1078,Mullaitivu,Dry,Tea,0,Not Suitable
Red loam,30.0,70.2,5.1,1018,Mullaitivu,Dry,Tea,0,Not Suitable
Red-Yellow Latosols,30.9,73.2,4.7,1354,Mullaitivu,Dry,Tea,0,Not Suitable
Red-Yellow Podzolic soils,28.8,78.2,4.7,1474,Mullaitivu,Dry,Tea,0,Not Suitable
Loamy soils,30.5,66.3,4.9,1030,Mullaitivu,Dry,Tea,0,Not Suitable
Loamy soils,28.0,76.2,4.7,1267,Mullaitivu,Dry,Tea,0,Not Suitable
Loamy soil,27.1,78.2,5.3,1088,Mullaitivu,Dry,Tea,0,Not Suitable
Loam,29.4,73.7,4.6,1158,Mullaitivu,Dry,Tea,0,Not Suitable
Sandy regosol,28.6,65.8,5.4,1214,Mullaitivu,Dry,Tea,0,Not Suitable
Sandy loam,28.8,62.2,5.3,1259,Mullaitivu,Dry,Tea,0,Not Suitable
Sandy regosol,33.7,73.8,5.2,1236,Mullaitivu,Dry,Tea,0,Not Suitable
Red loam,33.5,78.6,4.8,1161,Mullaitivu,Dry,Tea,0,Not Suitable
Loamy soil,28.8,72.1,5.2,1372,Mullaitivu,Dry,Tea,0,Not Suitable
Clay loam,27.5,76.5,4.9,1403,Mullaitivu,Dry,Tea,0,Not Suitable
Sandy regosol,31.6,70.5,5.6,1445,Mullaitivu,Dry,Tea,0,Not Suitable
Clay loam,30.7,75.8,5.1,1442,Mullaitivu,Dry,Tea,0,Not Suitable
Reddish Brown Earth,29.2,77.1,5.0,1110,Mullaitivu,Dry,Tea,0,Not Suitable
Reddish Brown Earth,33.1,76.5,4.8,1202,Mullaitivu,Dry,Tea,0,Not Suitable
Red-Yellow Podzolic soils,29.5,67.7,5.5,1088,Mullaitivu,Dry,Tea,0,Not Suitable
Sandy regosol,28.8,71.1,5.8,1193,Mullaitivu,Dry,Tea,0,Not Suitable
Red-Yellow Podzolic soils,29.7,63.6,5.3,1045,Mullaitivu,Dry,Tea,0,Not Suitable
Sandy regosol,31.2,70.4,4.6,1216,Mullaitivu,Dry,Tea,0,Not Suitable
Loam,30.6,72.1,4.6,1075,Mullaitivu,Dry,Tea,0,Not Suitable
Red loam,27.9,64.0,4.8,1305,Mullaitivu,Dry,Tea,0,Not Suitable
Red-Yellow Latosols,28.8,65.5,5.6,1479,Mullaitivu,Dry,Tea,0,Not Suitable
Red-Yellow Latosols,28.6,68.6,5.1,1105,Mullaitivu,Dry,Tea,0,Not Suitable
Red loam,27.1,75.4,6.8,1262,Mullaitivu,Dry,Cinnamon,0,Not Suitable
Red loam,28.2,78.1,5.1,1396,Mullaitivu,Dry,Cinnamon,0,Not Suitable
Sandy loam,29.8,65.4,5.4,1127,Mullaitivu,Dry,Cinnamon,0,Not Suitable
Sandy Clay loam,30.9,70.2,5.1,1474,Mullaitivu,Dry,Cinnamon,0,Not Suitable
Sandy regosol,33.8,66.6,5.5,1386,Mullaitivu,Dry,Cinnamon,0,Not Suitable
Red loam,28.0,79.2,6.2,1154,Mullaitivu,Dry,Cinnamon,0,Not Suitable
Sandy Clay loam,31.0,71.4,6.4,1248,Mullaitivu,Dry,Cinnamon,0,Not Suitable
Red loam,27.6,75.4,4.9,1448,Mullaitivu,Dry,Cinnamon,0,Not Suitable
Sandy loam,28.0,76.3,5.7,1219,Mullaitivu,Dry,Cinnamon,0,Not Suitable
Sandy loam,28.0,72.1,5.8,1063,Mullaitivu,Dry,Cinnamon,0,Not Suitable
Reddish Brown Earth,32.3,67.2,7.0,1240,Mullaitivu,Dry,Cinnamon,0,Not Suitable
Loam,31.8,78.8,6.5,1207,Mullaitivu,Dry,Cinnamon,0,Not Suitable
Sandy Clay loam,27.3,64.5,5.7,1102,Mullaitivu,Dry,Cinnamon,0,Not Suitable
Reddish Brown Earth,32.9,68.9,6.4,1327,Mullaitivu,Dry,Cinnamon,0,Not Suitable
Sandy loam,31.1,69.1,5.6,1289,Mullaitivu,Dry,Cinnamon,0,Not Suitable
Sandy Clay loam,27.6,81.9,5.0,1064,Mullaitivu,Dry,Cinnamon,0,Not Suitable
Red-Yellow Latosols,33.1,68.0,5.5,1325,Mullaitivu,Dry,Cinnamon,0,Not Suitable
Red loam,29.7,67.2,5.7,1172,Mullaitivu,Dry,Cinnamon,0,Not Suitable
Sandy loam,32.0,72.2,4.9,1472,Mullaitivu,Dry,Cinnamon,0,Not Suitable
Sandy regosol,30.5,73.7,4.9,1460,Mullaitivu,Dry,Cinnamon,0,Not Suitable
Red loam,31.0,79.1,6.7,1121,Mullaitivu,Dry,Cinnamon,0,Not Suitable
Reddish Brown Earth,27.1,76.6,6.2,1467,Mullaitivu,Dry,Cinnamon,0,Not Suitable
Sandy Clay loam,30.1,62.9,5.8,1460,Mullaitivu,Dry,Cinnamon,0,Not Suitable
Reddish Brown Earth,27.2,75.8,5.1,1241,Mullaitivu,Dry,Cinnamon,0,Not Suitable
Reddish Brown Earth,28.5,63.3,6.2,1287,Mullaitivu,Dry,Cinnamon,0,Not Suitable
Sandy Clay loam,30.5,78.3,6.2,1431,Mullaitivu,Dry,Cinnamon,0,Not Suitable
Red loam,27.1,75.9,6.0,1209,Mullaitivu,Dry,Cinnamon,0,Not Suitable
Red-Yellow Latosols,31.5,69.0,5.1,1459,Mullaitivu,Dry,Cinnamon,0,Not Suitable
Loam,31.7,62.1,5.0,1462,Mullaitivu,Dry,Cinnamon,0,Not Suitable
Loam,27.7,68.7,5.3,1187,Mullaitivu,Dry,Cinnamon,0,Not Suitable
Sandy regosol,31.1,70.9,5.9,1017,Mullaitivu,Dry,Pepper,0,Not Suitable
Sandy loam,32.7,75.8,6.4,1362,Mullaitivu,Dry,Pepper,0,Not Suitable
Red loam,29.2,64.0,6.6,1136,Mullaitivu,Dry,Pepper,0,Not Suitable
Reddish Brown Earth,33.9,71.9,5.7,1005,Mullaitivu,Dry,Pepper,0,Not Suitable
Red-Yellow Latosols,29.3,73.6,6.7,1038,Mullaitivu,Dry,Pepper,0,Not Suitable
Sandy loam,29.6,80.3,6.5,1390,Mullaitivu,Dry,Pepper,0,Not Suitable
Loam,31.2,74.5,6.3,1319,Mullaitivu,Dry,Pepper,0,Not Suitable
Loamy soil,30.9,81.7,6.5,1366,Mullaitivu,Dry,Pepper,0,Not Suitable
Loam,33.1,66.3,6.1,1042,Mullaitivu,Dry,Pepper,0,Not Suitable
Sandy loam,30.6,78.6,6.2,1222,Mullaitivu,Dry,Pepper,0,Not Suitable
Loamy soil,30.7,62.8,6.6,1308,Mullaitivu,Dry,Pepper,0,Not Suitable
Sandy Clay loam,28.1,73.9,5.7,1297,Mullaitivu,Dry,Pepper,0,Not Suitable
Loam,27.9,81.6,5.8,1197,Mullaitivu,Dry,Pepper,0,Not Suitable
Sandy regosol,28.2,75.4,6.3,1305,Mullaitivu,Dry,Pepper,0,Not Suitable
Sandy loam,27.6,79.9,5.9,1195,Mullaitivu,Dry,Pepper,0,Not Suitable
Sandy loam,30.2,69.8,6.7,1432,Mullaitivu,Dry,Pepper,0,Not Suitable
Sandy regosol,29.1,79.3,6.7,1391,Mullaitivu,Dry,Pepper,0,Not Suitable
Red loam,28.7,73.5,6.6,1137,Mullaitivu,Dry,Pepper,0,Not Suitable
Clay loam,27.0,73.3,5.9,1170,Mullaitivu,Dry,Pepper,0,Not Suitable
Sandy regosol,31.5,79.0,6.6,1305,Mullaitivu,Dry,Pepper,0,Not Suitable
Sandy Clay loam,28.9,72.4,5.5,1225,Mullaitivu,Dry,Pepper,0,Not Suitable
Red-Yellow Latosols,30.9,75.2,6.5,1296,Mullaitivu,Dry,Pepper,0,Not Suitable
Red-Yellow Latosols,31.0,63.3,6.3,1058,Mullaitivu,Dry,Pepper,0,Not Suitable
Sandy Clay loam,28.9,63.6,6.2,1215,Mullaitivu,Dry,Pepper,0,Not Suitable
Loam,29.3,76.4,5.9,1322,Mullaitivu,Dry,Pepper,0,Not Suitable
Red-Yellow Latosols,32.3,75.0,6.2,1319,Mullaitivu,Dry,Pepper,0,Not Suitable
Sandy Clay loam,27.1,75.9,6.7,1188,Mullaitivu,Dry,Pepper,0,Not Suitable
Sandy regosol,32.7,73.8,5.8,1126,Mullaitivu,Dry,Pepper,0,Not Suitable
Reddish Brown Earth,29.4,71.5,6.2,1148,Mullaitivu,Dry,Pepper,0,Not Suitable
Red loam,28.2,81.6,6.7,1054,Mullaitivu,Dry,Pepper,0,Not Suitable
Clay loam,33.4,72.5,6.2,1362,Mullaitivu,Dry,Areca-nut,0,Not Suitable
Loam,31.4,68.8,6.4,1151,Mullaitivu,Dry,Areca-nut,0,Not Suitable
Loamy soils,30.5,73.6,6.1,1143,Mullaitivu,Dry,Areca-nut,0,Not Suitable
Sandy regosol,27.6,63.0,5.6,1127,Mullaitivu,Dry,Areca-nut,0,Not Suitable
Loam,27.7,78.3,6.5,1019,Mullaitivu,Dry,Areca-nut,0,Not Suitable
Sandy loam,28.9,79.4,6.0,1242,Mullaitivu,Dry,Areca-nut,0,Not Suitable
Clay loam,30.6,69.6,5.7,1282,Mullaitivu,Dry,Areca-nut,0,Not Suitable
Sandy regosol,34.0,70.5,6.6,1174,Mullaitivu,Dry,Areca-nut,0,Not Suitable
Reddish Brown Earth,29.5,78.7,6.6,1227,Mullaitivu,Dry,Areca-nut,0,Not Suitable
Loam,27.8,78.9,5.8,1368,Mullaitivu,Dry,Areca-nut,0,Not Suitable
Loamy soil,28.0,68.3,5.9,1488,Mullaitivu,Dry,Areca-nut,0,Not Suitable
Loamy soil,30.2,62.6,6.4,1199,Mullaitivu,Dry,Areca-nut,0,Not Suitable
Clay loam,33.7,72.3,6.3,1410,Mullaitivu,Dry,Areca-nut,0,Not Suitable
Red loam,27.3,68.3,6.9,1288,Mullaitivu,Dry,Areca-nut,0,Not Suitable
Loamy soil,33.0,66.6,5.8,1110,Mullaitivu,Dry,Areca-nut,0,Not Suitable
Red loam,33.5,79.1,6.1,1387,Mullaitivu,Dry,Areca-nut,0,Not Suitable
Loam,30.5,71.3,6.3,1127,Mullaitivu,Dry,Areca-nut,0,Not Suitable
Loam,27.2,64.6,6.6,1443,Mullaitivu,Dry,Areca-nut,0,Not Suitable
Loamy soils,30.0,72.3,6.6,1185,Mullaitivu,Dry,Areca-nut,0,Not Suitable
Clay loam,32.5,77.3,5.8,1361,Mullaitivu,Dry,Areca-nut,0,Not Suitable
Reddish Brown Earth,29.4,71.4,6.6,1165,Mullaitivu,Dry,Areca-nut,0,Not Suitable
Sandy loam,29.3,64.8,7.0,1200,Mullaitivu,Dry,Areca-nut,0,Not Suitable
Sandy regosol,28.6,74.2,5.6,1216,Mullaitivu,Dry,Areca-nut,0,Not Suitable
Loamy soil,30.4,76.0,6.8,1257,Mullaitivu,Dry,Areca-nut,0,Not Suitable
Reddish Brown Earth,29.0,63.7,6.1,1468,Mullaitivu,Dry,Areca-nut,0,Not Suitable
Loamy soils,31.0,77.8,6.6,1162,Mullaitivu,Dry,Areca-nut,0,Not Suitable
Sandy regosol,27.9,67.8,6.7,1072,Mullaitivu,Dry,Areca-nut,0,Not Suitable
Clay loam,28.6,76.3,6.3,1472,Mullaitivu,Dry,Areca-nut,0,Not Suitable
Sandy regosol,30.8,71.2,6.2,1163,Mullaitivu,Dry,Areca-nut,0,Not Suitable
Sandy loam,31.2,81.7,6.8,1469,Mullaitivu,Dry,Areca-nut,0,Not Suitable
Loamy soil,19.8,87.0,5.7,2589,Nuwara Eliya,Hill,Tea,1,Suitable
Red-Yellow Latosols,14.3,94.4,5.3,2299,Nuwara Eliya,Hill,Tea,1,Suitable
Loamy soil,17.8,94.3,5.5,2094,Nuwara Eliya,Hill,Tea,1,Suitable
Red-Yellow Latosols,15.7,84.0,5.2,2732,Nuwara Eliya,Hill,Tea,1,Suitable
Clay loam,17.3,84.8,5.3,2378,Nuwara Eliya,Hill,Tea,1,Suitable
Loam,14.5,83.0,5.2,2954,Nuwara Eliya,Hill,Tea,1,Suitable
Red-Yellow Latosols,18.1,86.2,5.0,2226,Nuwara Eliya,Hill,Tea,1,Suitable
Loam,14.5,88.2,5.1,2452,Nuwara Eliya,Hill,Tea,1,Suitable
Red-Yellow Podzolic soils,11.5,87.4,4.7,2003,Nuwara Eliya,Hill,Tea,1,Suitable
Loamy soil,20.3,89.1,5.0,2591,Nuwara Eliya,Hill,Tea,1,Suitable
Clay loam,20.0,89.6,5.0,2723,Nuwara Eliya,Hill,Tea,1,Suitable
Red-Yellow Podzolic soils,20.6,92.3,4.7,2825,Nuwara Eliya,Hill,Tea,1,Suitable
Red-Yellow Latosols,13.0,84.3,5.6,2125,Nuwara Eliya,Hill,Tea,1,Suitable
Loamy soils,10.4,81.1,4.8,2129,Nuwara Eliya,Hill,Tea,1,Suitable
Red-Yellow Latosols,12.6,92.0,4.5,2476,Nuwara Eliya,Hill,Tea,1,Suitable
Loamy soil,14.7,86.1,5.4,1937,Nuwara Eliya,Hill,Tea,1,Suitable
Red-Yellow Latosols,17.7,90.8,4.5,2674,Nuwara Eliya,Hill,Tea,1,Suitable
Loam,20.5,92.2,4.5,2885,Nuwara Eliya,Hill,Tea,1,Suitable
Red-Yellow Latosols,20.3,92.1,4.6,2805,Nuwara Eliya,Hill,Tea,1,Suitable
Loamy soil,18.1,94.4,5.2,2614,Nuwara Eliya,Hill,Tea,1,Suitable
Loamy soil,20.4,86.6,5.1,2519,Nuwara Eliya,Hill,Tea,1,Suitable
Loamy soils,20.3,81.1,5.4,2401,Nuwara Eliya,Hill,Tea,1,Suitable
Clay loam,18.7,88.7,5.7,2891,Nuwara Eliya,Hill,Tea,1,Suitable
Clay loam,10.7,86.0,4.9,1828,Nuwara Eliya,Hill,Tea,1,Suitable
Clay loam,15.9,93.7,4.7,2816,Nuwara Eliya,Hill,Tea,1,Suitable
Red-Yellow Podzolic soils,11.0,88.8,4.8,2439,Nuwara Eliya,Hill,Tea,1,Suitable
Clay loam,19.9,93.9,5.7,2283,Nuwara Eliya,Hill,Tea,1,Suitable
Red-Yellow Podzolic soils,14.2,91.1,4.7,2371,Nuwara Eliya,Hill,Tea,1,Suitable
Red-Yellow Latosols,20.2,86.8,5.0,2681,Nuwara Eliya,Hill,Tea,1,Suitable
Loamy soils,10.2,81.5,5.4,2395,Nuwara Eliya,Hill,Tea,1,Suitable
Red loam,13.7,90.4,6.3,2638,Nuwara Eliya,Hill,Cinnamon,0,Not Suitable
Sandy Clay loam,15.4,93.7,5.8,2387,Nuwara Eliya,Hill,Cinnamon,0,Not Suitable
Red-Yellow Latosols,12.2,84.6,6.2,1851,Nuwara Eliya,Hill,Cinnamon,0,Not Suitable
Red-Yellow Podzolic soils,12.7,84.6,5.5,2725,Nuwara Eliya,Hill,Cinnamon,0,Not Suitable
Red-Yellow Podzolic soils,12.7,82.5,5.1,2730,Nuwara Eliya,Hill,Cinnamon,0,Not Suitable
Clay loam,15.0,87.6,6.2,2625,Nuwara Eliya,Hill,Cinnamon,0,Not Suitable
Red-Yellow Latosols,18.9,80.7,5.4,2156,Nuwara Eliya,Hill,Cinnamon,0,Not Suitable
Red loam,11.6,84.3,5.9,2172,Nuwara Eliya,Hill,Cinnamon,0,Not Suitable
Clay loam,17.3,85.7,5.5,2663,Nuwara Eliya,Hill,Cinnamon,0,Not Suitable
Clay loam,13.2,88.1,5.0,1828,Nuwara Eliya,Hill,Cinnamon,0,Not Suitable
Loam,14.6,94.1,5.0,2666,Nuwara Eliya,Hill,Cinnamon,0,Not Suitable
Red-Yellow Podzolic soils,19.3,91.0,6.6,2533,Nuwara Eliya,Hill,Cinnamon,0,Not Suitable
Loamy soil,14.4,83.3,6.0,2414,Nuwara Eliya,Hill,Cinnamon,0,Not Suitable
Loamy soil,15.9,88.5,6.8,2938,Nuwara Eliya,Hill,Cinnamon,0,Not Suitable
Red loam,19.6,92.0,5.0,2932,Nuwara Eliya,Hill,Cinnamon,0,Not Suitable
Red-Yellow Latosols,12.9,87.4,5.9,2816,Nuwara Eliya,Hill,Cinnamon,0,Not Suitable
Clay loam,18.2,82.1,6.4,2103,Nuwara Eliya,Hill,Cinnamon,0,Not Suitable
Red-Yellow Podzolic soils,11.8,85.3,5.6,2118,Nuwara Eliya,Hill,Cinnamon,0,Not Suitable
Red-Yellow Latosols,17.8,85.5,5.0,2466,Nuwara Eliya,Hill,Cinnamon,0,Not Suitable
Clay loam,18.9,85.5,6.4,2578,Nuwara Eliya,Hill,Cinnamon,0,Not Suitable
Red-Yellow Latosols,12.3,93.3,5.7,2539,Nuwara Eliya,Hill,Cinnamon,0,Not Suitable
Loam,12.0,94.1,5.3,2706,Nuwara Eliya,Hill,Cinnamon,0,Not Suitable
Red-Yellow Latosols,13.7,92.1,6.5,2635,Nuwara Eliya,Hill,Cinnamon,0,Not Suitable
Loamy soil,14.9,90.7,5.3,2264,Nuwara Eliya,Hill,Cinnamon,0,Not Suitable
Sandy Clay loam,17.0,94.6,5.8,2173,Nuwara Eliya,Hill,Cinnamon,0,Not Suitable
Red-Yellow Latosols,17.4,88.1,6.5,2812,Nuwara Eliya,Hill,Cinnamon,0,Not Suitable
Loam,10.6,95.0,6.7,2703,Nuwara Eliya,Hill,Cinnamon,0,Not Suitable
Red-Yellow Latosols,17.2,92.8,5.6,1935,Nuwara Eliya,Hill,Cinnamon,0,Not Suitable
Sandy loam,19.6,83.0,6.5,1894,Nuwara Eliya,Hill,Cinnamon,0,Not Suitable
Loam,19.2,82.4,6.3,2825,Nuwara Eliya,Hill,Cinnamon,0,Not Suitable
Red-Yellow Podzolic soils,15.7,92.5,5.8,2303,Nuwara Eliya,Hill,Pepper,0,Not Suitable
Loamy soil,13.1,87.6,6.5,2438,Nuwara Eliya,Hill,Pepper,1,Suitable
Reddish Brown Earth,18.7,88.7,5.7,2737,Nuwara Eliya,Hill,Pepper,1,Suitable
Loam,10.6,93.1,5.8,1891,Nuwara Eliya,Hill,Pepper,0,Not Suitable
Red-Yellow Latosols,17.6,86.1,5.9,2852,Nuwara Eliya,Hill,Pepper,1,Suitable
Clay loam,10.1,84.5,6.0,2494,Nuwara Eliya,Hill,Pepper,1,Suitable
Sandy Clay loam,15.9,93.1,5.8,2895,Nuwara Eliya,Hill,Pepper,0,Not Suitable
Loam,15.1,88.2,6.8,2939,Nuwara Eliya,Hill,Pepper,1,Suitable
Loam,12.6,90.9,5.5,2254,Nuwara Eliya,Hill,Pepper,1,Suitable
Red-Yellow Podzolic soils,10.1,86.9,5.5,2386,Nuwara Eliya,Hill,Pepper,1,Suitable
Loamy soil,17.6,84.4,5.9,2472,Nuwara Eliya,Hill,Pepper,1,Suitable
Red-Yellow Latosols,11.8,86.1,6.2,2079,Nuwara Eliya,Hill,Pepper,1,Suitable
Loam,12.2,87.6,6.4,1989,Nuwara Eliya,Hill,Pepper,1,Suitable
Sandy Clay loam,18.3,81.7,5.6,2361,Nuwara Eliya,Hill,Pepper,1,Suitable
Loam,16.6,84.0,6.2,2433,Nuwara Eliya,Hill,Pepper,1,Suitable
Loam,20.2,88.2,6.0,2500,Nuwara Eliya,Hill,Pepper,1,Suitable
Red-Yellow Podzolic soils,20.4,91.7,6.6,2142,Nuwara Eliya,Hill,Pepper,1,Suitable
Loam,14.8,92.4,5.7,2787,Nuwara Eliya,Hill,Pepper,0,Not Suitable
Loamy soil,17.7,84.4,5.9,2157,Nuwara Eliya,Hill,Pepper,1,Suitable
Red-Yellow Podzolic soils,18.0,83.4,6.4,1801,Nuwara Eliya,Hill,Pepper,1,Suitable
Clay loam,11.9,81.6,6.0,2085,Nuwara Eliya,Hill,Pepper,1,Suitable
Reddish Brown Earth,15.2,80.7,6.4,2965,Nuwara Eliya,Hill,Pepper,1,Suitable
Clay loam,13.6,84.8,6.3,2338,Nuwara Eliya,Hill,Pepper,1,Suitable
Reddish Brown Earth,11.6,82.8,5.8,2831,Nuwara Eliya,Hill,Pepper,1,Suitable
Red-Yellow Latosols,14.2,93.1,5.9,2596,Nuwara Eliya,Hill,Pepper,0,Not Suitable
Red-Yellow Latosols,17.5,80.3,6.1,2683,Nuwara Eliya,Hill,Pepper,1,Suitable
Red-Yellow Latosols,18.9,94.3,6.7,2911,Nuwara Eliya,Hill,Pepper,0,Not Suitable
Red-Yellow Podzolic soils,15.6,85.4,6.4,2358,Nuwara Eliya,Hill,Pepper,1,Suitable
Loamy soil,19.7,83.1,6.6,2902,Nuwara Eliya,Hill,Pepper,1,Suitable
Red-Yellow Podzolic soils,20.8,93.2,5.6,2136,Nuwara Eliya,Hill,Pepper,1,Suitable
Red-Yellow Podzolic soils,11.2,84.4,6.7,2537,Nuwara Eliya,Hill,Areca-nut,0,Not Suitable
Sandy loam,19.9,89.4,5.8,1807,Nuwara Eliya,Hill,Areca-nut,0,Not Suitable
Red-Yellow Podzolic soils,11.1,85.4,5.6,2402,Nuwara Eliya,Hill,Areca-nut,0,Not Suitable
Red-Yellow Podzolic soils,13.8,82.7,6.2,2576,Nuwara Eliya,Hill,Areca-nut,0,Not Suitable
Loam,15.4,86.4,5.8,2947,Nuwara Eliya,Hill,Areca-nut,0,Not Suitable
Red loam,15.7,91.0,6.9,2468,Nuwara Eliya,Hill,Areca-nut,0,Not Suitable
Red loam,14.2,87.0,6.4,1906,Nuwara Eliya,Hill,Areca-nut,0,Not Suitable
Sandy loam,13.2,82.4,6.3,2453,Nuwara Eliya,Hill,Areca-nut,0,Not Suitable
Loamy soils,10.8,90.5,5.8,2549,Nuwara Eliya,Hill,Areca-nut,0,Not Suitable
Clay loam,15.2,90.8,6.1,2435,Nuwara Eliya,Hill,Areca-nut,0,Not Suitable
Red loam,13.5,89.2,6.5,2927,Nuwara Eliya,Hill,Areca-nut,0,Not Suitable
Sandy loam,10.8,86.9,5.6,2869,Nuwara Eliya,Hill,Areca-nut,0,Not Suitable
Loamy soil,20.9,94.2,6.9,1894,Nuwara Eliya,Hill,Areca-nut,0,Not Suitable
Loam,14.0,92.7,6.2,2302,Nuwara Eliya,Hill,Areca-nut,0,Not Suitable
Clay loam,17.0,91.6,6.4,1841,Nuwara Eliya,Hill,Areca-nut,0,Not Suitable
Loamy soils,12.1,85.2,6.2,2218,Nuwara Eliya,Hill,Areca-nut,0,Not Suitable
Red-Yellow Podzolic soils,13.7,81.6,5.6,1975,Nuwara Eliya,Hill,Areca-nut,0,Not Suitable
Loamy soils,15.2,94.3,6.9,1939,Nuwara Eliya,Hill,Areca-nut,0,Not Suitable
Clay loam,18.1,89.6,6.7,2574,Nuwara Eliya,Hill,Areca-nut,0,Not Suitable
Red loam,11.2,87.6,6.4,2637,Nuwara Eliya,Hill,Areca-nut,0,Not Suitable
Clay loam,19.2,81.1,6.3,2629,Nuwara Eliya,Hill,Areca-nut,0,Not Suitable
Sandy loam,14.2,85.1,6.8,2545,Nuwara Eliya,Hill,Areca-nut,0,Not Suitable
Loam,15.5,92.4,5.7,2283,Nuwara Eliya,Hill,Areca-nut,0,Not Suitable
Sandy loam,10.7,80.8,6.0,2256,Nuwara Eliya,Hill,Areca-nut,0,Not Suitable
Loam,17.9,91.1,5.8,1861,Nuwara Eliya,Hill,Areca-nut,0,Not Suitable
Loamy soil,13.0,88.2,5.7,1973,Nuwara Eliya,Hill,Areca-nut,0,Not Suitable
Red-Yellow Podzolic soils,20.4,92.1,6.1,2017,Nuwara Eliya,Hill,Areca-nut,0,Not Suitable
Red loam,13.9,91.9,5.7,2412,Nuwara Eliya,Hill,Areca-nut,0,Not Suitable
Red loam,18.1,86.0,6.1,2116,Nuwara Eliya,Hill,Areca-nut,0,Not Suitable
Loamy soils,15.5,85.1,6.1,2090,Nuwara Eliya,Hill,Areca-nut,0,Not Suitable
Loamy soils,27.1,75.0,4.6,1085,Polonnaruwa,Dry,Tea,0,Not Suitable
Red-Yellow Podzolic soils,31.6,75.0,5.1,1407,Polonnaruwa,Dry,Tea,0,Not Suitable
Loamy soils,28.4,74.2,4.8,1350,Polonnaruwa,Dry,Tea,0,Not Suitable
Reddish Brown Earth,33.3,60.3,5.6,1491,Polonnaruwa,Dry,Tea,0,Not Suitable
Reddish Brown Earth,31.8,78.7,4.7,1361,Polonnaruwa,Dry,Tea,0,Not Suitable
Clay loam,30.1,59.6,5.5,1195,Polonnaruwa,Dry,Tea,0,Not Suitable
Loamy soil,29.7,65.3,5.6,1298,Polonnaruwa,Dry,Tea,0,Not Suitable
Loam,27.3,66.5,5.4,1079,Polonnaruwa,Dry,Tea,0,Not Suitable
Sandy regosol,27.7,72.6,4.8,1143,Polonnaruwa,Dry,Tea,0,Not Suitable
Reddish Brown Earth,33.6,58.4,4.5,1219,Polonnaruwa,Dry,Tea,0,Not Suitable
Red loam,30.4,69.0,4.7,1161,Polonnaruwa,Dry,Tea,0,Not Suitable
Sandy loam,29.6,72.8,5.2,1391,Polonnaruwa,Dry,Tea,0,Not Suitable
Loamy soils,31.1,62.4,4.7,1144,Polonnaruwa,Dry,Tea,0,Not Suitable
Red-Yellow Latosols,28.7,62.9,5.2,1260,Polonnaruwa,Dry,Tea,0,Not Suitable
Sandy loam,33.6,62.3,5.6,1321,Polonnaruwa,Dry,Tea,0,Not Suitable
Reddish Brown Earth,30.9,63.6,4.6,1131,Polonnaruwa,Dry,Tea,0,Not Suitable
Reddish Brown Earth,29.1,74.4,4.8,1024,Polonnaruwa,Dry,Tea,0,Not Suitable
Red loam,31.9,75.2,5.4,1228,Polonnaruwa,Dry,Tea,0,Not Suitable
Red loam,29.7,61.5,5.3,1199,Polonnaruwa,Dry,Tea,0,Not Suitable
Red-Yellow Latosols,33.6,59.5,4.9,1254,Polonnaruwa,Dry,Tea,0,Not Suitable
Sandy loam,30.6,58.5,5.6,1157,Polonnaruwa,Dry,Tea,0,Not Suitable
Clay loam,30.9,67.9,4.9,1143,Polonnaruwa,Dry,Tea,0,Not Suitable
Red-Yellow Latosols,29.7,76.4,5.1,1484,Polonnaruwa,Dry,Tea,0,Not Suitable
Sandy loam,29.8,76.6,5.2,1213,Polonnaruwa,Dry,Tea,0,Not Suitable
Reddish Brown Earth,28.6,74.4,5.6,1266,Polonnaruwa,Dry,Tea,0,Not Suitable
Sandy loam,32.5,62.7,5.5,1358,Polonnaruwa,Dry,Tea,0,Not Suitable
Loamy soils,29.4,61.8,5.1,1001,Polonnaruwa,Dry,Tea,0,Not Suitable
Clay loam,29.5,70.2,5.6,1094,Polonnaruwa,Dry,Tea,0,Not Suitable
Reddish Brown Earth,28.8,63.0,5.1,1240,Polonnaruwa,Dry,Tea,0,Not Suitable
Red-Yellow Podzolic soils,28.5,64.0,5.4,1085,Polonnaruwa,Dry,Tea,0,Not Suitable
Red loam,32.4,68.2,6.4,1357,Polonnaruwa,Dry,Cinnamon,0,Not Suitable
Red-Yellow Latosols,28.0,79.3,5.2,1411,Polonnaruwa,Dry,Cinnamon,0,Not Suitable
Red-Yellow Latosols,28.3,60.8,6.4,1069,Polonnaruwa,Dry,Cinnamon,0,Not Suitable
Red-Yellow Latosols,30.3,75.2,6.1,1373,Polonnaruwa,Dry,Cinnamon,0,Not Suitable
Sandy loam,31.8,58.4,6.2,1156,Polonnaruwa,Dry,Cinnamon,0,Not Suitable
Red loam,27.1,58.7,6.3,1426,Polonnaruwa,Dry,Cinnamon,0,Not Suitable
Sandy regosol,28.9,73.1,5.5,1396,Polonnaruwa,Dry,Cinnamon,0,Not Suitable
Loam,27.3,78.5,5.0,1173,Polonnaruwa,Dry,Cinnamon,0,Not Suitable
Red loam,30.4,74.9,5.4,1111,Polonnaruwa,Dry,Cinnamon,0,Not Suitable
Red-Yellow Latosols,28.7,79.8,6.1,1099,Polonnaruwa,Dry,Cinnamon,0,Not Suitable
Sandy Clay loam,33.5,61.2,6.9,1485,Polonnaruwa,Dry,Cinnamon,0,Not Suitable
Sandy regosol,33.2,62.7,6.5,1317,Polonnaruwa,Dry,Cinnamon,0,Not Suitable
Loam,33.9,62.0,5.5,1383,Polonnaruwa,Dry,Cinnamon,0,Not Suitable
Sandy regosol,28.2,67.3,5.8,1397,Polonnaruwa,Dry,Cinnamon,0,Not Suitable
Sandy regosol,30.8,79.9,6.2,1200,Polonnaruwa,Dry,Cinnamon,0,Not Suitable
Red-Yellow Latosols,29.6,66.6,6.9,1348,Polonnaruwa,Dry,Cinnamon,0,Not Suitable
Sandy Clay loam,30.8,74.9,5.3,1045,Polonnaruwa,Dry,Cinnamon,0,Not Suitable
Red-Yellow Latosols,30.5,58.4,5.9,1126,Polonnaruwa,Dry,Cinnamon,0,Not Suitable
Loam,27.1,63.8,6.1,1257,Polonnaruwa,Dry,Cinnamon,0,Not Suitable
Red loam,33.5,72.2,6.8,1207,Polonnaruwa,Dry,Cinnamon,0,Not Suitable
Loam,32.5,62.4,6.3,1065,Polonnaruwa,Dry,Cinnamon,0,Not Suitable
Red loam,30.9,75.4,6.2,1369,Polonnaruwa,Dry,Cinnamon,0,Not Suitable
Sandy Clay loam,33.9,69.7,6.6,1057,Polonnaruwa,Dry,Cinnamon,0,Not Suitable
Sandy regosol,28.8,75.1,6.3,1479,Polonnaruwa,Dry,Cinnamon,0,Not Suitable
Red loam,31.2,68.1,5.6,1182,Polonnaruwa,Dry,Cinnamon,0,Not Suitable
Reddish Brown Earth,31.5,74.5,5.2,1339,Polonnaruwa,Dry,Cinnamon,0,Not Suitable
Loam,30.5,75.4,6.0,1238,Polonnaruwa,Dry,Cinnamon,0,Not Suitable
Loam,32.4,72.5,6.8,1205,Polonnaruwa,Dry,Cinnamon,0,Not Suitable
Sandy loam,28.1,79.9,4.8,1059,Polonnaruwa,Dry,Cinnamon,0,Not Suitable
Sandy regosol,33.2,63.4,6.6,1365,Polonnaruwa,Dry,Cinnamon,0,Not Suitable
Loam,33.0,79.8,6.4,1147,Polonnaruwa,Dry,Pepper,0,Not Suitable
Loamy soil,27.8,66.9,6.0,1424,Polonnaruwa,Dry,Pepper,0,Not Suitable
Red-Yellow Latosols,31.1,69.1,6.8,1323,Polonnaruwa,Dry,Pepper,0,Not Suitable
Sandy Clay loam,27.4,70.6,6.1,1432,Polonnaruwa,Dry,Pepper,0,Not Suitable
Sandy loam,27.5,70.3,5.7,1166,Polonnaruwa,Dry,Pepper,0,Not Suitable
Clay loam,32.9,69.5,6.5,1467,Polonnaruwa,Dry,Pepper,0,Not Suitable
Loamy soil,31.9,58.1,5.8,1214,Polonnaruwa,Dry,Pepper,0,Not Suitable
Red-Yellow Latosols,33.4,61.8,6.2,1143,Polonnaruwa,Dry,Pepper,0,Not Suitable
Clay loam,28.8,62.6,5.6,1300,Polonnaruwa,Dry,Pepper,0,Not Suitable
Loamy soil,27.4,66.2,6.2,1360,Polonnaruwa,Dry,Pepper,0,Not Suitable
Loamy soil,30.0,70.4,6.7,1183,Polonnaruwa,Dry,Pepper,0,Not Suitable
Loam,27.4,72.8,6.5,1446,Polonnaruwa,Dry,Pepper,0,Not Suitable
Sandy regosol,28.3,64.5,5.6,1359,Polonnaruwa,Dry,Pepper,0,Not Suitable
Loamy soil,32.7,73.8,5.6,1365,Polonnaruwa,Dry,Pepper,0,Not Suitable
Loam,32.0,73.0,5.6,1415,Polonnaruwa,Dry,Pepper,0,Not Suitable
Red-Yellow Latosols,27.2,66.2,6.2,1074,Polonnaruwa,Dry,Pepper,0,Not Suitable
Sandy Clay loam,33.4,66.6,5.5,1422,Polonnaruwa,Dry,Pepper,0,Not Suitable
Reddish Brown Earth,28.2,58.7,6.7,1164,Polonnaruwa,Dry,Pepper,0,Not Suitable
Reddish Brown Earth,27.7,71.3,6.7,1226,Polonnaruwa,Dry,Pepper,0,Not Suitable
Sandy regosol,27.9,62.7,6.1,1015,Polonnaruwa,Dry,Pepper,0,Not Suitable
Loam,28.9,77.1,6.3,1302,Polonnaruwa,Dry,Pepper,0,Not Suitable
Sandy Clay loam,30.7,60.0,6.8,1223,Polonnaruwa,Dry,Pepper,0,Not Suitable
Sandy loam,32.8,77.7,5.6,1412,Polonnaruwa,Dry,Pepper,0,Not Suitable
Red-Yellow Latosols,28.6,58.1,5.6,1152,Polonnaruwa,Dry,Pepper,0,Not Suitable
Loamy soil,30.3,72.9,6.5,1437,Polonnaruwa,Dry,Pepper,0,Not Suitable
Loamy soil,33.6,59.2,6.4,1006,Polonnaruwa,Dry,Pepper,0,Not Suitable
Red-Yellow Latosols,29.0,63.6,5.9,1165,Polonnaruwa,Dry,Pepper,0,Not Suitable
Red-Yellow Latosols,30.6,67.7,6.4,1256,Polonnaruwa,Dry,Pepper,0,Not Suitable
Loam,29.7,63.5,6.0,1083,Polonnaruwa,Dry,Pepper,0,Not Suitable
Loamy soil,32.2,74.6,5.8,1333,Polonnaruwa,Dry,Pepper,0,Not Suitable
Reddish Brown Earth,31.1,70.6,6.3,1242,Polonnaruwa,Dry,Areca-nut,0,Not Suitable
Sandy regosol,30.4,70.4,5.7,1358,Polonnaruwa,Dry,Areca-nut,0,Not Suitable
Reddish Brown Earth,32.2,61.0,7.0,1033,Polonnaruwa,Dry,Areca-nut,0,Not Suitable
Clay loam,33.7,59.3,5.8,1222,Polonnaruwa,Dry,Areca-nut,0,Not Suitable
Red loam,30.4,76.3,6.5,1475,Polonnaruwa,Dry,Areca-nut,0,Not Suitable
Loamy soils,29.5,71.3,6.9,1156,Polonnaruwa,Dry,Areca-nut,0,Not Suitable
Clay loam,33.1,70.3,5.9,1162,Polonnaruwa,Dry,Areca-nut,0,Not Suitable
Red loam,27.2,75.9,6.0,1225,Polonnaruwa,Dry,Areca-nut,0,Not Suitable
Reddish Brown Earth,30.3,76.0,6.8,1062,Polonnaruwa,Dry,Areca-nut,0,Not Suitable
Sandy loam,33.3,78.8,5.8,1199,Polonnaruwa,Dry,Areca-nut,0,Not Suitable
Sandy regosol,29.6,65.3,6.4,1088,Polonnaruwa,Dry,Areca-nut,0,Not Suitable
Loamy soil,30.3,77.0,6.5,1016,Polonnaruwa,Dry,Areca-nut,0,Not Suitable
Sandy loam,32.3,74.7,6.6,1443,Polonnaruwa,Dry,Areca-nut,0,Not Suitable
Red loam,33.5,65.3,5.5,1252,Polonnaruwa,Dry,Areca-nut,0,Not Suitable
Reddish Brown Earth,27.0,63.3,5.9,1050,Polonnaruwa,Dry,Areca-nut,0,Not Suitable
Reddish Brown Earth,28.2,58.6,5.5,1455,Polonnaruwa,Dry,Areca-nut,0,Not Suitable
Loamy soils,32.2,61.3,6.8,1456,Polonnaruwa,Dry,Areca-nut,0,Not Suitable
Reddish Brown Earth,31.6,72.8,7.0,1003,Polonnaruwa,Dry,Areca-nut,0,Not Suitable
Clay loam,33.1,77.7,6.0,1330,Polonnaruwa,Dry,Areca-nut,0,Not Suitable
Sandy regosol,33.3,64.4,5.6,1281,Polonnaruwa,Dry,Areca-nut,0,Not Suitable
Sandy loam,33.5,61.1,6.3,1112,Polonnaruwa,Dry,Areca-nut,0,Not Suitable
Reddish Brown Earth,32.3,71.6,5.5,1116,Polonnaruwa,Dry,Areca-nut,0,Not Suitable
Reddish Brown Earth,32.3,79.7,6.2,1405,Polonnaruwa,Dry,Areca-nut,0,Not Suitable
Red loam,33.3,67.0,6.2,1262,Polonnaruwa,Dry,Areca-nut,0,Not Suitable
Loamy soils,30.1,75.1,6.0,1263,Polonnaruwa,Dry,Areca-nut,0,Not Suitable
Reddish Brown Earth,28.8,58.8,5.8,1292,Polonnaruwa,Dry,Areca-nut,0,Not Suitable
Reddish Brown Earth,28.0,72.4,6.6,1341,Polonnaruwa,Dry,Areca-nut,0,Not Suitable
Loamy soil,30.5,77.7,6.7,1468,Polonnaruwa,Dry,Areca-nut,0,Not Suitable
Reddish Brown Earth,31.4,64.7,5.9,1491,Polonnaruwa,Dry,Areca-nut,0,Not Suitable
Clay loam,28.4,67.7,7.0,1028,Polonnaruwa,Dry,Areca-nut,0,Not Suitable
Sandy regosol,31.1,66.1,5.1,1228,Puttalam,Dry,Tea,0,Not Suitable
Loamy soils,27.2,67.2,5.0,1258,Puttalam,Dry,Tea,0,Not Suitable
Clay loam,32.3,59.5,4.7,1011,Puttalam,Dry,Tea,0,Not Suitable
Red-Yellow Podzolic soils,29.6,71.9,5.0,1314,Puttalam,Dry,Tea,0,Not Suitable
Loamy soil,31.1,69.4,4.7,1021,Puttalam,Dry,Tea,0,Not Suitable
Sandy regosol,33.8,67.4,4.9,1391,Puttalam,Dry,Tea,0,Not Suitable
Sandy regosol,31.9,59.5,5.2,1031,Puttalam,Dry,Tea,0,Not Suitable
Loamy soil,29.2,58.4,4.5,1031,Puttalam,Dry,Tea,0,Not Suitable
Red-Yellow Podzolic soils,31.9,64.8,4.7,947,Puttalam,Dry,Tea,0,Not Suitable
Clay loam,27.7,67.3,5.5,947,Puttalam,Dry,Tea,0,Not Suitable
Clay loam,27.1,60.0,5.4,1345,Puttalam,Dry,Tea,0,Not Suitable
Red loam,27.5,71.4,5.6,1147,Puttalam,Dry,Tea,0,Not Suitable
Clay loam,31.2,68.6,4.8,1397,Puttalam,Dry,Tea,0,Not Suitable
Loamy soil,31.4,64.2,4.5,920,Puttalam,Dry,Tea,0,Not Suitable
Reddish Brown Earth,27.8,68.0,5.2,1184,Puttalam,Dry,Tea,0,Not Suitable
Loamy soil,27.2,64.4,5.0,1362,Puttalam,Dry,Tea,0,Not Suitable
Loamy soil,31.4,70.6,5.2,1292,Puttalam,Dry,Tea,0,Not Suitable
Loamy soils,33.0,62.8,4.8,1344,Puttalam,Dry,Tea,0,Not Suitable
Sandy loam,29.0,56.1,5.0,1298,Puttalam,Dry,Tea,0,Not Suitable
Red-Yellow Latosols,28.6,59.6,5.6,1351,Puttalam,Dry,Tea,0,Not Suitable
Reddish Brown Earth,30.9,67.3,5.0,1137,Puttalam,Dry,Tea,0,Not Suitable
Loam,33.4,57.5,4.9,1109,Puttalam,Dry,Tea,0,Not Suitable
Sandy loam,30.5,64.2,4.7,1159,Puttalam,Dry,Tea,0,Not Suitable
Sandy regosol,30.6,59.8,4.6,992,Puttalam,Dry,Tea,0,Not Suitable
Red-Yellow Podzolic soils,32.3,63.5,5.4,1213,Puttalam,Dry,Tea,0,Not Suitable
Red-Yellow Latosols,31.8,64.4,5.0,1094,Puttalam,Dry,Tea,0,Not Suitable
Red-Yellow Latosols,31.5,64.9,5.6,1325,Puttalam,Dry,Tea,0,Not Suitable
Loamy soils,28.2,57.7,4.9,1215,Puttalam,Dry,Tea,0,Not Suitable
Sandy regosol,27.1,72.8,5.7,1013,Puttalam,Dry,Tea,0,Not Suitable
Loam,32.0,70.3,4.8,1001,Puttalam,Dry,Tea,0,Not Suitable
Red loam,30.6,58.4,5.5,1053,Puttalam,Dry,Cinnamon,0,Not Suitable
Loam,28.1,59.1,5.2,1294,Puttalam,Dry,Cinnamon,0,Not Suitable
Red loam,27.2,67.6,5.5,1388,Puttalam,Dry,Cinnamon,0,Not Suitable
Reddish Brown Earth,27.8,66.4,6.5,1353,Puttalam,Dry,Cinnamon,0,Not Suitable
Sandy regosol,31.4,61.3,5.0,1171,Puttalam,Dry,Cinnamon,0,Not Suitable
Red-Yellow Latosols,31.8,69.5,5.4,1383,Puttalam,Dry,Cinnamon,0,Not Suitable
Red loam,27.1,65.9,6.5,1253,Puttalam,Dry,Cinnamon,0,Not Suitable
Reddish Brown Earth,28.4,60.2,5.5,1156,Puttalam,Dry,Cinnamon,0,Not Suitable
Sandy regosol,33.0,64.5,6.1,1300,Puttalam,Dry,Cinnamon,0,Not Suitable
Sandy Clay loam,32.4,61.7,5.4,1316,Puttalam,Dry,Cinnamon,0,Not Suitable
Sandy Clay loam,30.8,59.3,5.5,1138,Puttalam,Dry,Cinnamon,0,Not Suitable
Loam,28.9,74.3,6.5,980,Puttalam,Dry,Cinnamon,0,Not Suitable
Loam,33.9,55.4,5.4,1250,Puttalam,Dry,Cinnamon,0,Not Suitable
Red-Yellow Latosols,27.3,63.1,4.8,1368,Puttalam,Dry,Cinnamon,0,Not Suitable
Red-Yellow Latosols,31.1,65.0,5.0,1337,Puttalam,Dry,Cinnamon,0,Not Suitable
Reddish Brown Earth,31.8,68.6,6.9,1235,Puttalam,Dry,Cinnamon,0,Not Suitable
Sandy Clay loam,32.8,55.8,5.7,1136,Puttalam,Dry,Cinnamon,0,Not Suitable
Sandy Clay loam,29.2,64.0,5.8,1092,Puttalam,Dry,Cinnamon,0,Not Suitable
Sandy Clay loam,33.9,56.8,5.9,1361,Puttalam,Dry,Cinnamon,0,Not Suitable
Reddish Brown Earth,31.4,71.6,5.7,1080,Puttalam,Dry,Cinnamon,0,Not Suitable
Reddish Brown Earth,29.9,62.5,6.6,1363,Puttalam,Dry,Cinnamon,0,Not Suitable
Red loam,27.8,57.2,5.0,1114,Puttalam,Dry,Cinnamon,0,Not Suitable
Sandy Clay loam,31.3,57.9,4.8,1161,Puttalam,Dry,Cinnamon,0,Not Suitable
Red-Yellow Latosols,29.2,68.5,7.0,1142,Puttalam,Dry,Cinnamon,0,Not Suitable
Loam,33.1,62.2,6.7,923,Puttalam,Dry,Cinnamon,0,Not Suitable
Red loam,33.4,71.4,7.0,964,Puttalam,Dry,Cinnamon,0,Not Suitable
Red loam,28.8,69.5,5.3,1354,Puttalam,Dry,Cinnamon,0,Not Suitable
Sandy Clay loam,33.4,61.2,5.4,1388,Puttalam,Dry,Cinnamon,0,Not Suitable
Sandy regosol,33.7,56.1,6.0,1255,Puttalam,Dry,Cinnamon,0,Not Suitable
Reddish Brown Earth,30.3,59.5,5.2,1253,Puttalam,Dry,Cinnamon,0,Not Suitable
Loam,30.9,60.1,5.5,1378,Puttalam,Dry,Pepper,0,Not Suitable
Red-Yellow Latosols,28.4,59.8,5.8,1107,Puttalam,Dry,Pepper,0,Not Suitable
Sandy loam,30.4,72.4,6.3,1256,Puttalam,Dry,Pepper,0,Not Suitable
Red-Yellow Latosols,27.6,68.9,6.5,983,Puttalam,Dry,Pepper,0,Not Suitable
Sandy loam,28.8,63.3,6.6,1075,Puttalam,Dry,Pepper,0,Not Suitable
Red loam,27.9,66.3,6.4,971,Puttalam,Dry,Pepper,0,Not Suitable
Sandy loam,33.3,63.7,6.7,1144,Puttalam,Dry,Pepper,0,Not Suitable
Sandy loam,30.6,64.8,6.4,1189,Puttalam,Dry,Pepper,0,Not Suitable
Loamy soil,27.7,71.4,5.6,1118,Puttalam,Dry,Pepper,0,Not Suitable
Loam,32.5,62.5,6.3,950,Puttalam,Dry,Pepper,0,Not Suitable
Reddish Brown Earth,33.2,72.8,6.6,1379,Puttalam,Dry,Pepper,0,Not Suitable
Red loam,27.0,62.6,6.0,1309,Puttalam,Dry,Pepper,0,Not Suitable
Loam,31.2,67.1,6.7,1083,Puttalam,Dry,Pepper,0,Not Suitable
Sandy loam,30.5,64.3,6.1,1399,Puttalam,Dry,Pepper,0,Not Suitable
Reddish Brown Earth,28.2,65.3,6.5,1307,Puttalam,Dry,Pepper,0,Not Suitable
Red-Yellow Latosols,32.5,69.2,6.6,1027,Puttalam,Dry,Pepper,0,Not Suitable
Sandy Clay loam,33.3,58.9,6.8,965,Puttalam,Dry,Pepper,0,Not Suitable
Clay loam,33.1,72.9,6.2,1343,Puttalam,Dry,Pepper,0,Not Suitable
Sandy loam,31.5,65.9,6.5,926,Puttalam,Dry,Pepper,0,Not Suitable
Sandy Clay loam,30.5,68.0,6.1,1151,Puttalam,Dry,Pepper,0,Not Suitable
Sandy Clay loam,28.2,60.6,5.8,979,Puttalam,Dry,Pepper,0,Not Suitable
Sandy loam,33.8,58.1,6.3,1035,Puttalam,Dry,Pepper,0,Not Suitable
Sandy loam,31.3,58.1,6.5,1297,Puttalam,Dry,Pepper,0,Not Suitable
Red-Yellow Latosols,28.7,60.8,6.6,1369,Puttalam,Dry,Pepper,0,Not Suitable
Red-Yellow Latosols,31.9,56.6,6.2,1109,Puttalam,Dry,Pepper,0,Not Suitable
Loamy soil,28.3,64.0,5.9,1201,Puttalam,Dry,Pepper,0,Not Suitable
Sandy loam,32.5,71.8,6.6,1062,Puttalam,Dry,Pepper,0,Not Suitable
Sandy loam,27.7,71.8,5.6,976,Puttalam,Dry,Pepper,0,Not Suitable
Red-Yellow Latosols,31.5,64.4,6.0,1354,Puttalam,Dry,Pepper,0,Not Suitable
Sandy regosol,29.0,65.0,5.9,1128,Puttalam,Dry,Pepper,0,Not Suitable
Sandy regosol,31.9,70.2,7.0,1326,Puttalam,Dry,Areca-nut,0,Not Suitable
Sandy loam,28.9,69.3,6.5,1097,Puttalam,Dry,Areca-nut,0,Not Suitable
Loamy soil,30.3,74.9,6.9,1264,Puttalam,Dry,Areca-nut,0,Not Suitable
Loam,32.8,73.1,6.2,1307,Puttalam,Dry,Areca-nut,0,Not Suitable
Red loam,28.8,62.4,6.3,910,Puttalam,Dry,Areca-nut,0,Not Suitable
Red loam,30.5,65.5,6.9,1387,Puttalam,Dry,Areca-nut,0,Not Suitable
Loam,28.1,62.4,6.0,1112,Puttalam,Dry,Areca-nut,0,Not Suitable
Reddish Brown Earth,32.6,65.5,6.8,1186,Puttalam,Dry,Areca-nut,0,Not Suitable
Reddish Brown Earth,32.6,57.6,6.2,1257,Puttalam,Dry,Areca-nut,0,Not Suitable
Sandy regosol,29.1,56.0,6.0,1144,Puttalam,Dry,Areca-nut,0,Not Suitable
Clay loam,28.8,68.9,5.9,1285,Puttalam,Dry,Areca-nut,0,Not Suitable
Sandy regosol,27.3,72.0,6.9,905,Puttalam,Dry,Areca-nut,0,Not Suitable
Loamy soil,31.4,61.4,5.5,1023,Puttalam,Dry,Areca-nut,0,Not Suitable
Red loam,28.6,57.8,5.7,1206,Puttalam,Dry,Areca-nut,0,Not Suitable
Clay loam,30.7,66.8,5.6,1049,Puttalam,Dry,Areca-nut,0,Not Suitable
Loamy soil,27.3,55.5,6.0,1270,Puttalam,Dry,Areca-nut,0,Not Suitable
Loamy soils,32.6,63.6,6.3,1126,Puttalam,Dry,Areca-nut,0,Not Suitable
Reddish Brown Earth,32.0,60.5,6.3,961,Puttalam,Dry,Areca-nut,0,Not Suitable
Reddish Brown Earth,29.3,63.8,6.2,1223,Puttalam,Dry,Areca-nut,0,Not Suitable
Sandy regosol,31.3,65.9,6.6,1270,Puttalam,Dry,Areca-nut,0,Not Suitable
Red loam,30.7,68.6,6.1,1337,Puttalam,Dry,Areca-nut,0,Not Suitable
Sandy loam,29.9,70.3,5.6,1191,Puttalam,Dry,Areca-nut,0,Not Suitable
Red loam,33.2,55.6,6.6,1274,Puttalam,Dry,Areca-nut,0,Not Suitable
Loamy soil,33.7,56.1,6.1,1198,Puttalam,Dry,Areca-nut,0,Not Suitable
Loamy soil,29.3,56.8,6.2,1181,Puttalam,Dry,Areca-nut,0,Not Suitable
Loamy soil,27.7,67.2,6.7,1269,Puttalam,Dry,Areca-nut,0,Not Suitable
Loamy soils,33.3,63.2,6.8,1377,Puttalam,Dry,Areca-nut,0,Not Suitable
Sandy loam,29.1,58.2,6.1,1118,Puttalam,Dry,Areca-nut,0,Not Suitable
Sandy loam,31.0,66.7,6.3,1275,Puttalam,Dry,Areca-nut,0,Not Suitable
Loam,27.7,72.2,7.0,1055,Puttalam,Dry,Areca-nut,0,Not Suitable
Loam,22.8,94.4,4.8,2927,Ratnapura,Wet,Tea,1,Suitable
Red-Yellow Podzolic soils,22.3,90.6,5.1,3990,Ratnapura,Wet,Tea,1,Suitable
Red-Yellow Podzolic soils,28.5,88.9,5.6,3682,Ratnapura,Wet,Tea,0,Not Suitable
Loamy soil,24.1,85.3,5.7,4068,Ratnapura,Wet,Tea,1,Suitable
Loamy soils,28.8,93.5,5.6,2978,Ratnapura,Wet,Tea,1,Suitable
Red-Yellow Latosols,24.9,94.9,5.2,3461,Ratnapura,Wet,Tea,1,Suitable
Loam,25.7,84.8,5.7,2905,Ratnapura,Wet,Tea,1,Suitable
Red-Yellow Latosols,27.6,82.1,5.3,3887,Ratnapura,Wet,Tea,0,Not Suitable
Loam,24.9,83.8,5.4,4004,Ratnapura,Wet,Tea,1,Suitable
Clay loam,25.8,89.1,5.1,2927,Ratnapura,Wet,Tea,1,Suitable
Clay loam,23.4,83.1,5.7,3726,Ratnapura,Wet,Tea,1,Suitable
Loamy soil,24.8,83.1,5.6,3708,Ratnapura,Wet,Tea,1,Suitable
Red-Yellow Latosols,27.2,93.0,5.5,3551,Ratnapura,Wet,Tea,0,Not Suitable
Red-Yellow Podzolic soils,23.0,85.2,5.2,3345,Ratnapura,Wet,Tea,1,Suitable
Loamy soils,28.5,93.1,4.7,2988,Ratnapura,Wet,Tea,1,Suitable
Loam,24.5,84.4,5.7,3661,Ratnapura,Wet,Tea,1,Suitable
Loam,28.7,89.8,5.2,3973,Ratnapura,Wet,Tea,0,Not Suitable
Loamy soil,23.5,87.9,5.5,3577,Ratnapura,Wet,Tea,1,Suitable
Loamy soils,23.5,85.5,5.7,3310,Ratnapura,Wet,Tea,1,Suitable
Red-Yellow Latosols,25.1,91.3,4.8,3851,Ratnapura,Wet,Tea,1,Suitable
Red-Yellow Latosols,26.0,93.4,5.7,3465,Ratnapura,Wet,Tea,1,Suitable
Loamy soil,23.5,81.1,5.6,4048,Ratnapura,Wet,Tea,1,Suitable
Loam,28.9,90.2,5.6,4111,Ratnapura,Wet,Tea,0,Not Suitable
Clay loam,27.9,88.5,5.7,3335,Ratnapura,Wet,Tea,1,Suitable
Loamy soils,25.0,88.1,5.2,3425,Ratnapura,Wet,Tea,1,Suitable
Loam,25.3,80.7,5.1,4035,Ratnapura,Wet,Tea,1,Suitable
Clay loam,26.1,82.1,4.8,2805,Ratnapura,Wet,Tea,1,Suitable
Red-Yellow Latosols,26.9,81.5,4.8,4072,Ratnapura,Wet,Tea,1,Suitable
Clay loam,23.4,82.7,5.5,2820,Ratnapura,Wet,Tea,1,Suitable
Loamy soil,28.1,89.2,4.9,3063,Ratnapura,Wet,Tea,1,Suitable
Red loam,25.3,94.3,6.4,3146,Ratnapura,Wet,Cinnamon,0,Not Suitable
Clay loam,25.1,84.5,5.0,3438,Ratnapura,Wet,Cinnamon,1,Suitable
Red-Yellow Latosols,27.6,83.6,5.0,3816,Ratnapura,Wet,Cinnamon,1,Suitable
Loamy soils,28.7,82.9,6.6,4036,Ratnapura,Wet,Cinnamon,1,Suitable
Red-Yellow Podzolic soils,28.8,87.2,5.6,3818,Ratnapura,Wet,Cinnamon,0,Not Suitable
Red loam,23.3,86.6,7.0,3032,Ratnapura,Wet,Cinnamon,0,Not Suitable
Sandy loam,22.7,88.8,6.0,3677,Ratnapura,Wet,Cinnamon,0,Not Suitable
Red loam,26.6,81.7,5.4,3577,Ratnapura,Wet,Cinnamon,1,Suitable
Loamy soils,28.6,91.4,4.9,4162,Ratnapura,Wet,Cinnamon,0,Not Suitable
Clay loam,24.0,82.9,5.3,2816,Ratnapura,Wet,Cinnamon,1,Suitable
Sandy loam,26.8,83.5,6.8,3513,Ratnapura,Wet,Cinnamon,1,Suitable
Loam,26.9,85.9,5.8,3321,Ratnapura,Wet,Cinnamon,0,Not Suitable
Clay loam,23.2,89.5,6.7,3310,Ratnapura,Wet,Cinnamon,0,Not Suitable
Red loam,27.3,89.2,5.3,3310,Ratnapura,Wet,Cinnamon,0,Not Suitable
Red-Yellow Podzolic soils,27.4,87.3,5.2,3115,Ratnapura,Wet,Cinnamon,0,Not Suitable
Clay loam,23.2,91.7,6.0,3121,Ratnapura,Wet,Cinnamon,0,Not Suitable
Sandy loam,25.2,88.7,6.7,4028,Ratnapura,Wet,Cinnamon,0,Not Suitable
Red loam,25.2,80.2,6.1,3397,Ratnapura,Wet,Cinnamon,1,Suitable
Sandy loam,25.9,89.8,6.2,3016,Ratnapura,Wet,Cinnamon,0,Not Suitable
Loam,23.3,91.3,6.4,3275,Ratnapura,Wet,Cinnamon,0,Not Suitable
Red-Yellow Latosols,22.3,86.1,5.3,3787,Ratnapura,Wet,Cinnamon,0,Not Suitable
Sandy Clay loam,27.6,89.5,5.6,3623,Ratnapura,Wet,Cinnamon,0,Not Suitable
Sandy Clay loam,25.4,89.0,6.3,3461,Ratnapura,Wet,Cinnamon,0,Not Suitable
Red-Yellow Podzolic soils,25.0,83.0,4.8,3100,Ratnapura,Wet,Cinnamon,1,Suitable
Sandy loam,24.1,91.2,5.2,3912,Ratnapura,Wet,Cinnamon,0,Not Suitable
Red loam,28.7,87.5,6.4,4084,Ratnapura,Wet,Cinnamon,0,Not Suitable
Red loam,27.1,81.3,4.8,3108,Ratnapura,Wet,Cinnamon,1,Suitable
Loamy soils,27.0,85.2,5.5,3901,Ratnapura,Wet,Cinnamon,0,Not Suitable
Red loam,27.7,82.0,5.5,3043,Ratnapura,Wet,Cinnamon,1,Suitable
Clay loam,24.9,85.2,5.0,3869,Ratnapura,Wet,Cinnamon,0,Not Suitable
Red-Yellow Latosols,24.5,92.6,6.7,2894,Ratnapura,Wet,Pepper,1,Suitable
Red-Yellow Podzolic soils,28.9,81.3,6.0,3208,Ratnapura,Wet,Pepper,1,Suitable
Clay loam,27.4,88.9,6.5,3702,Ratnapura,Wet,Pepper,1,Suitable
Clay loam,22.8,92.5,6.3,3788,Ratnapura,Wet,Pepper,0,Not Suitable
Red-Yellow Latosols,28.2,90.5,6.1,3082,Ratnapura,Wet,Pepper,1,Suitable
Loamy soils,25.5,80.8,5.7,4136,Ratnapura,Wet,Pepper,1,Suitable
Sandy Clay loam,26.9,87.6,6.7,2836,Ratnapura,Wet,Pepper,1,Suitable
Loamy soils,28.0,87.9,5.7,3121,Ratnapura,Wet,Pepper,1,Suitable
Sandy Clay loam,24.5,83.8,6.8,3509,Ratnapura,Wet,Pepper,1,Suitable
Loamy soil,26.0,93.3,6.1,3711,Ratnapura,Wet,Pepper,0,Not Suitable
Loamy soil,28.0,87.1,5.9,4016,Ratnapura,Wet,Pepper,1,Suitable
Clay loam,22.9,92.8,6.7,3622,Ratnapura,Wet,Pepper,0,Not Suitable
Clay loam,28.6,80.8,6.0,3501,Ratnapura,Wet,Pepper,1,Suitable
Loam,26.4,91.9,6.2,3193,Ratnapura,Wet,Pepper,1,Suitable
Red-Yellow Latosols,27.0,82.0,6.3,3940,Ratnapura,Wet,Pepper,1,Suitable
Reddish Brown Earth,28.6,85.1,6.2,2951,Ratnapura,Wet,Pepper,1,Suitable
Loamy soil,22.6,94.5,6.5,2854,Ratnapura,Wet,Pepper,1,Suitable
Red-Yellow Latosols,25.7,85.5,6.3,2892,Ratnapura,Wet,Pepper,1,Suitable
Clay loam,26.1,84.2,5.9,4074,Ratnapura,Wet,Pepper,1,Suitable
Loamy soils,25.1,88.2,6.7,2940,Ratnapura,Wet,Pepper,1,Suitable
Clay loam,24.6,81.2,6.3,3342,Ratnapura,Wet,Pepper,1,Suitable
Loamy soils,25.6,90.4,5.9,2878,Ratnapura,Wet,Pepper,1,Suitable
Sandy Clay loam,27.7,81.2,5.6,3998,Ratnapura,Wet,Pepper,1,Suitable
Reddish Brown Earth,27.8,85.4,5.7,3657,Ratnapura,Wet,Pepper,1,Suitable
Sandy Clay loam,22.5,83.2,5.9,2979,Ratnapura,Wet,Pepper,1,Suitable
Clay loam,25.6,88.8,6.4,3906,Ratnapura,Wet,Pepper,1,Suitable
Loam,26.3,86.2,6.0,3463,Ratnapura,Wet,Pepper,1,Suitable
Clay loam,27.9,83.5,6.3,2808,Ratnapura,Wet,Pepper,1,Suitable
Loamy soil,23.4,93.4,5.6,4003,Ratnapura,Wet,Pepper,0,Not Suitable
Clay loam,22.7,87.4,5.9,3653,Ratnapura,Wet,Pepper,1,Suitable
Loamy soil,27.0,88.9,5.5,3255,Ratnapura,Wet,Areca-nut,1,Suitable
Red loam,27.3,83.2,6.1,3968,Ratnapura,Wet,Areca-nut,1,Suitable
Loam,26.0,93.1,6.1,4009,Ratnapura,Wet,Areca-nut,0,Not Suitable
Red-Yellow Latosols,23.5,91.6,5.8,3406,Ratnapura,Wet,Areca-nut,0,Not Suitable
Red loam,28.3,83.0,5.5,2836,Ratnapura,Wet,Areca-nut,1,Suitable
Red loam,26.4,89.9,6.0,3235,Ratnapura,Wet,Areca-nut,1,Suitable
Clay loam,24.4,90.2,6.9,2881,Ratnapura,Wet,Areca-nut,1,Suitable
Red-Yellow Podzolic soils,23.6,95.0,6.7,3040,Ratnapura,Wet,Areca-nut,0,Not Suitable
Loamy soils,23.6,81.2,6.8,4025,Ratnapura,Wet,Areca-nut,0,Not Suitable
Red loam,24.8,90.5,6.8,3580,Ratnapura,Wet,Areca-nut,0,Not Suitable
Loamy soils,24.2,87.9,6.0,3480,Ratnapura,Wet,Areca-nut,1,Suitable
Loamy soils,28.2,82.5,6.4,3009,Ratnapura,Wet,Areca-nut,1,Suitable
Red-Yellow Latosols,26.6,82.9,6.9,3347,Ratnapura,Wet,Areca-nut,1,Suitable
Red-Yellow Latosols,23.7,90.0,6.2,3836,Ratnapura,Wet,Areca-nut,0,Not Suitable
Red-Yellow Latosols,28.6,91.0,6.4,3441,Ratnapura,Wet,Areca-nut,0,Not Suitable
Sandy loam,26.8,88.9,6.0,4030,Ratnapura,Wet,Areca-nut,1,Suitable
Loamy soils,24.1,83.2,5.6,2853,Ratnapura,Wet,Areca-nut,1,Suitable
Clay loam,28.1,90.2,6.4,3725,Ratnapura,Wet,Areca-nut,0,Not Suitable
Loamy soils,27.9,87.2,6.0,4019,Ratnapura,Wet,Areca-nut,1,Suitable
Red loam,28.5,90.5,6.3,3160,Ratnapura,Wet,Areca-nut,0,Not Suitable
Red-Yellow Latosols,25.7,82.1,6.0,3628,Ratnapura,Wet,Areca-nut,1,Suitable
Red loam,22.4,94.2,6.8,3698,Ratnapura,Wet,Areca-nut,0,Not Suitable
Red-Yellow Latosols,26.7,85.4,6.5,3518,Ratnapura,Wet,Areca-nut,1,Suitable
Sandy loam,28.7,83.8,6.9,4025,Ratnapura,Wet,Areca-nut,1,Suitable
Clay loam,26.7,94.0,6.9,3357,Ratnapura,Wet,Areca-nut,0,Not Suitable
Loamy soil,26.9,80.6,6.2,4070,Ratnapura,Wet,Areca-nut,1,Suitable
Red-Yellow Latosols,25.2,88.5,6.2,3009,Ratnapura,Wet,Areca-nut,1,Suitable
Red-Yellow Podzolic soils,27.8,80.2,5.5,3182,Ratnapura,Wet,Areca-nut,1,Suitable
Sandy loam,24.9,90.9,6.9,3918,Ratnapura,Wet,Areca-nut,0,Not Suitable
Red-Yellow Podzolic soils,26.3,83.8,6.7,4094,Ratnapura,Wet,Areca-nut,1,Suitable
Clay loam,31.0,75.3,5.4,1655,Trincomalee,Dry,Tea,0,Not Suitable
Red loam,29.6,75.7,5.0,1124,Trincomalee,Dry,Tea,0,Not Suitable
Loam,29.8,63.7,4.7,1114,Trincomalee,Dry,Tea,0,Not Suitable
Sandy regosol,31.6,77.7,5.0,1693,Trincomalee,Dry,Tea,0,Not Suitable
Sandy loam,31.2,80.6,5.4,1200,Trincomalee,Dry,Tea,0,Not Suitable
Loamy soils,32.3,62.0,5.6,1617,Trincomalee,Dry,Tea,0,Not Suitable
Loamy soil,27.2,62.0,4.9,1129,Trincomalee,Dry,Tea,0,Not Suitable
Red-Yellow Latosols,30.6,71.7,5.7,1261,Trincomalee,Dry,Tea,0,Not Suitable
Loamy soils,29.6,61.0,5.2,1280,Trincomalee,Dry,Tea,0,Not Suitable
Loamy soil,29.9,66.0,5.6,1179,Trincomalee,Dry,Tea,0,Not Suitable
Clay loam,34.0,67.2,5.3,1329,Trincomalee,Dry,Tea,0,Not Suitable
Loamy soil,32.0,68.6,5.2,1643,Trincomalee,Dry,Tea,0,Not Suitable
Loamy soils,30.2,74.2,5.5,1672,Trincomalee,Dry,Tea,0,Not Suitable
Red-Yellow Latosols,27.3,67.3,4.9,1382,Trincomalee,Dry,Tea,0,Not Suitable
Loam,31.9,78.2,5.8,1539,Trincomalee,Dry,Tea,0,Not Suitable
Sandy regosol,28.9,79.2,5.0,1560,Trincomalee,Dry,Tea,0,Not Suitable
Loamy soil,32.1,62.3,5.2,1574,Trincomalee,Dry,Tea,0,Not Suitable
Red-Yellow Latosols,29.0,74.4,4.8,1485,Trincomalee,Dry,Tea,0,Not Suitable
Reddish Brown Earth,27.2,69.5,5.6,1442,Trincomalee,Dry,Tea,0,Not Suitable
Clay loam,33.5,71.6,5.1,1552,Trincomalee,Dry,Tea,0,Not Suitable
Loamy soil,32.2,64.5,5.3,1323,Trincomalee,Dry,Tea,0,Not Suitable
Loam,27.1,75.9,5.0,1601,Trincomalee,Dry,Tea,0,Not Suitable
Loamy soils,30.1,78.7,4.9,1565,Trincomalee,Dry,Tea,0,Not Suitable
Loamy soil,29.3,74.9,4.7,1438,Trincomalee,Dry,Tea,0,Not Suitable
Sandy regosol,29.2,79.8,5.8,1513,Trincomalee,Dry,Tea,0,Not Suitable
Clay loam,32.4,80.7,5.5,1230,Trincomalee,Dry,Tea,0,Not Suitable
Red-Yellow Latosols,27.1,74.8,5.0,1382,Trincomalee,Dry,Tea,0,Not Suitable
Reddish Brown Earth,33.0,78.8,5.3,1113,Trincomalee,Dry,Tea,0,Not Suitable
Loamy soil,29.6,69.1,4.9,1599,Trincomalee,Dry,Tea,0,Not Suitable
Loamy soils,33.6,64.0,5.4,1498,Trincomalee,Dry,Tea,0,Not Suitable
Loam,28.8,67.1,6.5,1601,Trincomalee,Dry,Cinnamon,0,Not Suitable
Red-Yellow Latosols,29.3,71.7,5.3,1137,Trincomalee,Dry,Cinnamon,0,Not Suitable
Red-Yellow Latosols,30.4,61.9,6.4,1606,Trincomalee,Dry,Cinnamon,0,Not Suitable
Reddish Brown Earth,33.6,75.3,6.0,1664,Trincomalee,Dry,Cinnamon,0,Not Suitable
Loam,31.2,81.5,4.9,1485,Trincomalee,Dry,Cinnamon,0,Not Suitable
Sandy loam,32.1,79.9,6.1,1577,Trincomalee,Dry,Cinnamon,0,Not Suitable
Sandy regosol,31.7,81.8,6.3,1154,Trincomalee,Dry,Cinnamon,0,Not Suitable
Red loam,29.0,74.1,5.1,1465,Trincomalee,Dry,Cinnamon,0,Not Suitable
Sandy regosol,28.4,73.7,5.4,1177,Trincomalee,Dry,Cinnamon,0,Not Suitable
Sandy regosol,32.8,67.2,6.9,1393,Trincomalee,Dry,Cinnamon,0,Not Suitable
Red loam,28.6,68.6,6.5,1464,Trincomalee,Dry,Cinnamon,0,Not Suitable
Sandy Clay loam,33.3,80.1,5.3,1566,Trincomalee,Dry,Cinnamon,0,Not Suitable
Red-Yellow Latosols,27.2,68.4,6.4,1185,Trincomalee,Dry,Cinnamon,0,Not Suitable
Sandy regosol,31.6,61.0,5.3,1602,Trincomalee,Dry,Cinnamon,0,Not Suitable
Sandy loam,30.0,74.7,5.8,1358,Trincomalee,Dry,Cinnamon,0,Not Suitable
Sandy Clay loam,27.5,68.8,6.8,1559,Trincomalee,Dry,Cinnamon,0,Not Suitable
Reddish Brown Earth,29.9,69.3,6.9,1522,Trincomalee,Dry,Cinnamon,0,Not Suitable
Sandy Clay loam,28.9,69.7,6.1,1578,Trincomalee,Dry,Cinnamon,0,Not Suitable
Red loam,27.8,73.8,5.9,1212,Trincomalee,Dry,Cinnamon,0,Not Suitable
Reddish Brown Earth,30.7,79.3,5.4,1377,Trincomalee,Dry,Cinnamon,0,Not Suitable
Red-Yellow Latosols,28.6,79.2,5.7,1203,Trincomalee,Dry,Cinnamon,0,Not Suitable
Loam,28.3,77.0,5.6,1385,Trincomalee,Dry,Cinnamon,0,Not Suitable
Red-Yellow Latosols,29.5,78.7,6.4,1432,Trincomalee,Dry,Cinnamon,0,Not Suitable
Sandy Clay loam,33.3,79.8,6.9,1297,Trincomalee,Dry,Cinnamon,0,Not Suitable
Sandy loam,27.2,68.3,5.4,1637,Trincomalee,Dry,Cinnamon,0,Not Suitable
Red-Yellow Latosols,28.9,66.7,5.8,1467,Trincomalee,Dry,Cinnamon,0,Not Suitable
Red-Yellow Latosols,32.1,79.7,5.2,1505,Trincomalee,Dry,Cinnamon,0,Not Suitable
Red-Yellow Latosols,33.5,65.8,5.0,1190,Trincomalee,Dry,Cinnamon,0,Not Suitable
Red-Yellow Latosols,30.9,62.5,5.5,1183,Trincomalee,Dry,Cinnamon,0,Not Suitable
Reddish Brown Earth,29.0,73.3,6.5,1590,Trincomalee,Dry,Cinnamon,0,Not Suitable
Sandy Clay loam,28.8,65.4,5.5,1679,Trincomalee,Dry,Pepper,0,Not Suitable
Loam,33.2,64.4,5.9,1668,Trincomalee,Dry,Pepper,0,Not Suitable
Sandy regosol,30.1,75.6,5.9,1453,Trincomalee,Dry,Pepper,0,Not Suitable
Reddish Brown Earth,30.9,76.1,5.5,1125,Trincomalee,Dry,Pepper,0,Not Suitable
Sandy regosol,30.2,62.9,5.8,1499,Trincomalee,Dry,Pepper,0,Not Suitable
Loam,30.0,64.3,5.7,1429,Trincomalee,Dry,Pepper,0,Not Suitable
Loamy soil,27.2,61.1,5.7,1673,Trincomalee,Dry,Pepper,0,Not Suitable
Loamy soil,32.0,61.5,6.2,1165,Trincomalee,Dry,Pepper,0,Not Suitable
Red loam,30.3,80.9,6.5,1667,Trincomalee,Dry,Pepper,0,Not Suitable
Sandy Clay loam,31.2,70.0,6.7,1314,Trincomalee,Dry,Pepper,0,Not Suitable
Sandy Clay loam,31.2,72.7,5.6,1239,Trincomalee,Dry,Pepper,0,Not Suitable
Loamy soil,33.6,66.9,5.6,1366,Trincomalee,Dry,Pepper,0,Not Suitable
Red-Yellow Latosols,32.9,60.6,5.7,1600,Trincomalee,Dry,Pepper,0,Not Suitable
Red-Yellow Latosols,33.2,76.1,6.2,1199,Trincomalee,Dry,Pepper,0,Not Suitable
Loamy soil,29.2,63.9,6.0,1616,Trincomalee,Dry,Pepper,0,Not Suitable
Red-Yellow Latosols,29.8,63.7,6.6,1330,Trincomalee,Dry,Pepper,0,Not Suitable
Sandy loam,29.5,80.9,5.7,1668,Trincomalee,Dry,Pepper,0,Not Suitable
Clay loam,28.2,79.0,5.5,1336,Trincomalee,Dry,Pepper,0,Not Suitable
Red-Yellow Latosols,28.9,73.1,5.7,1580,Trincomalee,Dry,Pepper,0,Not Suitable
Red loam,27.8,80.3,6.3,1551,Trincomalee,Dry,Pepper,0,Not Suitable
Red loam,32.4,69.4,6.0,1555,Trincomalee,Dry,Pepper,0,Not Suitable
Reddish Brown Earth,28.7,76.0,6.8,1352,Trincomalee,Dry,Pepper,0,Not Suitable
Clay loam,29.4,80.3,5.8,1660,Trincomalee,Dry,Pepper,0,Not Suitable
Loam,32.6,69.5,6.1,1651,Trincomalee,Dry,Pepper,0,Not Suitable
Sandy loam,32.2,70.3,5.8,1237,Trincomalee,Dry,Pepper,0,Not Suitable
Loamy soil,30.0,76.6,6.4,1463,Trincomalee,Dry,Pepper,0,Not Suitable
Clay loam,29.0,70.6,6.6,1127,Trincomalee,Dry,Pepper,0,Not Suitable
Loamy soil,33.9,69.0,5.7,1107,Trincomalee,Dry,Pepper,0,Not Suitable
Red loam,31.6,73.5,5.8,1573,Trincomalee,Dry,Pepper,0,Not Suitable
Sandy loam,32.3,75.1,6.2,1294,Trincomalee,Dry,Pepper,0,Not Suitable
Red loam,28.0,70.0,6.1,1629,Trincomalee,Dry,Areca-nut,0,Not Suitable
Sandy regosol,32.9,73.0,6.4,1215,Trincomalee,Dry,Areca-nut,0,Not Suitable
Reddish Brown Earth,30.5,68.8,6.1,1172,Trincomalee,Dry,Areca-nut,0,Not Suitable
Reddish Brown Earth,27.5,62.2,6.0,1350,Trincomalee,Dry,Areca-nut,0,Not Suitable
Loamy soils,33.5,68.3,6.3,1555,Trincomalee,Dry,Areca-nut,0,Not Suitable
Clay loam,31.9,65.7,6.3,1665,Trincomalee,Dry,Areca-nut,0,Not Suitable
Loamy soil,32.8,68.0,6.5,1160,Trincomalee,Dry,Areca-nut,0,Not Suitable
Loamy soils,27.1,70.5,6.4,1216,Trincomalee,Dry,Areca-nut,0,Not Suitable
Loam,33.9,70.2,6.3,1590,Trincomalee,Dry,Areca-nut,0,Not Suitable
Clay loam,30.5,80.5,6.7,1634,Trincomalee,Dry,Areca-nut,0,Not Suitable
Sandy loam,29.1,72.0,6.2,1234,Trincomalee,Dry,Areca-nut,0,Not Suitable
Loamy soils,30.4,78.3,6.1,1638,Trincomalee,Dry,Areca-nut,0,Not Suitable
Red loam,27.1,79.0,6.4,1205,Trincomalee,Dry,Areca-nut,0,Not Suitable
Sandy regosol,27.2,68.8,5.7,1692,Trincomalee,Dry,Areca-nut,0,Not Suitable
Loamy soil,30.0,66.8,6.8,1643,Trincomalee,Dry,Areca-nut,0,Not Suitable
Red loam,28.7,61.8,6.0,1476,Trincomalee,Dry,Areca-nut,0,Not Suitable
Red loam,31.7,60.7,6.5,1180,Trincomalee,Dry,Areca-nut,0,Not Suitable
Loam,28.5,78.9,5.8,1135,Trincomalee,Dry,Areca-nut,0,Not Suitable
Clay loam,34.0,69.5,5.8,1522,Trincomalee,Dry,Areca-nut,0,Not Suitable
Sandy regosol,31.3,76.0,6.7,1289,Trincomalee,Dry,Areca-nut,0,Not Suitable
Clay loam,31.2,68.6,6.4,1435,Trincomalee,Dry,Areca-nut,0,Not Suitable
Loamy soils,28.2,68.9,6.1,1306,Trincomalee,Dry,Areca-nut,0,Not Suitable
Reddish Brown Earth,32.3,70.6,5.9,1664,Trincomalee,Dry,Areca-nut,0,Not Suitable
Loamy soils,29.9,77.3,6.3,1428,Trincomalee,Dry,Areca-nut,0,Not Suitable
Clay loam,27.4,68.8,7.0,1262,Trincomalee,Dry,Areca-nut,0,Not Suitable
Loamy soils,29.2,79.5,6.0,1506,Trincomalee,Dry,Areca-nut,0,Not Suitable
Red loam,30.8,78.5,5.7,1630,Trincomalee,Dry,Areca-nut,0,Not Suitable
Loamy soils,29.4,67.4,6.4,1125,Trincomalee,Dry,Areca-nut,0,Not Suitable
Loamy soils,33.0,68.4,6.4,1544,Trincomalee,Dry,Areca-nut,0,Not Suitable
Clay loam,29.6,63.1,6.8,1526,Trincomalee,Dry,Areca-nut,0,Not Suitable
Red loam,31.8,58.4,4.6,1008,Vavuniya,Dry,Tea,0,Not Suitable
Sandy regosol,31.0,73.1,5.6,955,Vavuniya,Dry,Tea,0,Not Suitable
Sandy loam,30.9,71.8,4.6,1386,Vavuniya,Dry,Tea,0,Not Suitable
Red loam,33.3,60.5,5.6,1096,Vavuniya,Dry,Tea,0,Not Suitable
Sandy loam,33.3,68.1,5.4,1197,Vavuniya,Dry,Tea,0,Not Suitable
Loamy soil,32.8,60.4,5.1,1305,Vavuniya,Dry,Tea,0,Not Suitable
Red loam,30.2,66.5,5.7,1155,Vavuniya,Dry,Tea,0,Not Suitable
Loam,30.8,77.1,5.4,990,Vavuniya,Dry,Tea,0,Not Suitable
Reddish Brown Earth,32.7,71.6,5.2,1203,Vavuniya,Dry,Tea,0,Not Suitable
Red-Yellow Podzolic soils,33.0,74.4,5.6,961,Vavuniya,Dry,Tea,0,Not Suitable
Loam,29.9,63.1,5.1,1335,Vavuniya,Dry,Tea,0,Not Suitable
Red-Yellow Podzolic soils,32.7,63.3,5.1,902,Vavuniya,Dry,Tea,0,Not Suitable
Loam,27.7,73.1,5.1,1038,Vavuniya,Dry,Tea,0,Not Suitable
Loamy soil,27.6,63.7,4.7,1291,Vavuniya,Dry,Tea,0,Not Suitable
Red-Yellow Podzolic soils,31.5,76.3,5.6,1240,Vavuniya,Dry,Tea,0,Not Suitable
Loamy soils,27.8,63.0,5.4,1347,Vavuniya,Dry,Tea,0,Not Suitable
Clay loam,31.5,71.3,4.6,1107,Vavuniya,Dry,Tea,0,Not Suitable
Reddish Brown Earth,32.5,71.6,5.7,1136,Vavuniya,Dry,Tea,0,Not Suitable
Loamy soils,29.4,63.9,5.5,1336,Vavuniya,Dry,Tea,0,Not Suitable
Loam,30.6,60.6,5.4,1008,Vavuniya,Dry,Tea,0,Not Suitable
Loam,29.7,74.7,5.5,1375,Vavuniya,Dry,Tea,0,Not Suitable
Loamy soils,29.6,73.8,4.7,1076,Vavuniya,Dry,Tea,0,Not Suitable
Loamy soils,27.2,65.7,4.8,1352,Vavuniya,Dry,Tea,0,Not Suitable
Sandy loam,28.4,77.4,5.5,913,Vavuniya,Dry,Tea,0,Not Suitable
Red-Yellow Latosols,29.2,58.7,4.7,1359,Vavuniya,Dry,Tea,0,Not Suitable
Reddish Brown Earth,30.9,63.5,4.6,933,Vavuniya,Dry,Tea,0,Not Suitable
Clay loam,27.8,59.4,5.1,1280,Vavuniya,Dry,Tea,0,Not Suitable
Red-Yellow Latosols,29.4,66.4,5.7,1364,Vavuniya,Dry,Tea,0,Not Suitable
Loamy soils,32.0,75.7,5.0,1060,Vavuniya,Dry,Tea,0,Not Suitable
Loamy soils,31.3,70.5,5.0,1141,Vavuniya,Dry,Tea,0,Not Suitable
Sandy loam,33.9,74.4,6.4,1117,Vavuniya,Dry,Cinnamon,0,Not Suitable
Sandy Clay loam,28.9,60.0,5.7,1076,Vavuniya,Dry,Cinnamon,0,Not Suitable
Red loam,27.1,74.3,6.1,1080,Vavuniya,Dry,Cinnamon,0,Not Suitable
Red loam,27.5,61.5,6.1,1345,Vavuniya,Dry,Cinnamon,0,Not Suitable
Loam,33.7,78.0,5.5,1086,Vavuniya,Dry,Cinnamon,0,Not Suitable
Red-Yellow Latosols,33.0,78.0,6.5,1215,Vavuniya,Dry,Cinnamon,0,Not Suitable
Sandy Clay loam,32.5,65.1,6.6,1187,Vavuniya,Dry,Cinnamon,0,Not Suitable
Red-Yellow Latosols,31.8,58.4,5.1,1068,Vavuniya,Dry,Cinnamon,0,Not Suitable
Red-Yellow Latosols,28.6,76.1,5.3,918,Vavuniya,Dry,Cinnamon,0,Not Suitable
Sandy loam,29.2,70.3,5.3,1167,Vavuniya,Dry,Cinnamon,0,Not Suitable
Sandy regosol,28.1,62.7,5.4,1151,Vavuniya,Dry,Cinnamon,0,Not Suitable
Sandy loam,33.6,67.3,6.4,929,Vavuniya,Dry,Cinnamon,0,Not Suitable
Red-Yellow Latosols,29.3,71.1,6.1,1040,Vavuniya,Dry,Cinnamon,0,Not Suitable
Red-Yellow Latosols,32.4,76.6,5.5,1031,Vavuniya,Dry,Cinnamon,0,Not Suitable
Sandy regosol,30.2,76.5,5.0,1351,Vavuniya,Dry,Cinnamon,0,Not Suitable
Red loam,27.9,67.9,5.6,953,Vavuniya,Dry,Cinnamon,0,Not Suitable
Loam,28.0,70.7,7.0,1375,Vavuniya,Dry,Cinnamon,0,Not Suitable
Loam,29.6,70.0,5.1,1328,Vavuniya,Dry,Cinnamon,0,Not Suitable
Red loam,31.8,66.2,5.7,1003,Vavuniya,Dry,Cinnamon,0,Not Suitable
Reddish Brown Earth,27.5,71.9,5.5,1026,Vavuniya,Dry,Cinnamon,0,Not Suitable
Sandy loam,27.8,75.3,6.1,1147,Vavuniya,Dry,Cinnamon,0,Not Suitable
Loam,31.0,66.2,6.4,996,Vavuniya,Dry,Cinnamon,0,Not Suitable
Sandy Clay loam,27.9,60.1,5.3,1255,Vavuniya,Dry,Cinnamon,0,Not Suitable
Red-Yellow Latosols,29.1,67.5,6.4,1125,Vavuniya,Dry,Cinnamon,0,Not Suitable
Reddish Brown Earth,31.4,70.9,5.4,1257,Vavuniya,Dry,Cinnamon,0,Not Suitable
Sandy regosol,29.3,66.8,7.0,1054,Vavuniya,Dry,Cinnamon,0,Not Suitable
Sandy Clay loam,32.7,61.3,4.9,903,Vavuniya,Dry,Cinnamon,0,Not Suitable
Loam,28.7,60.3,6.7,1167,Vavuniya,Dry,Cinnamon,0,Not Suitable
Sandy regosol,32.2,62.3,5.9,1100,Vavuniya,Dry,Cinnamon,0,Not Suitable
Reddish Brown Earth,32.7,74.8,5.9,1355,Vavuniya,Dry,Cinnamon,0,Not Suitable
Loamy soil,31.9,60.2,5.8,1183,Vavuniya,Dry,Pepper,0,Not Suitable
Red loam,30.0,70.7,5.6,1028,Vavuniya,Dry,Pepper,0,Not Suitable
Clay loam,27.1,58.4,5.6,904,Vavuniya,Dry,Pepper,0,Not Suitable
Clay loam,28.7,62.4,5.9,1393,Vavuniya,Dry,Pepper,0,Not Suitable
Sandy Clay loam,27.9,68.9,6.4,1329,Vavuniya,Dry,Pepper,0,Not Suitable
Loam,29.1,69.2,6.4,1257,Vavuniya,Dry,Pepper,0,Not Suitable
Sandy regosol,31.7,75.4,6.3,1335,Vavuniya,Dry,Pepper,0,Not Suitable
Red loam,30.0,70.8,5.5,1309,Vavuniya,Dry,Pepper,0,Not Suitable
Loam,33.9,61.7,6.6,1135,Vavuniya,Dry,Pepper,0,Not Suitable
Clay loam,28.6,67.5,6.0,966,Vavuniya,Dry,Pepper,0,Not Suitable
Red loam,28.2,65.3,6.8,1087,Vavuniya,Dry,Pepper,0,Not Suitable
Reddish Brown Earth,34.0,60.3,5.6,1263,Vavuniya,Dry,Pepper,0,Not Suitable
Sandy regosol,27.2,60.1,6.7,1383,Vavuniya,Dry,Pepper,0,Not Suitable
Red loam,28.4,61.2,6.2,1020,Vavuniya,Dry,Pepper,0,Not Suitable
Loam,31.0,62.4,5.9,1278,Vavuniya,Dry,Pepper,0,Not Suitable
Clay loam,33.5,71.1,6.5,1118,Vavuniya,Dry,Pepper,0,Not Suitable
Loam,32.7,63.8,6.7,1070,Vavuniya,Dry,Pepper,0,Not Suitable
Red-Yellow Latosols,28.2,58.8,6.5,1127,Vavuniya,Dry,Pepper,0,Not Suitable
Loamy soil,32.4,76.4,5.6,1167,Vavuniya,Dry,Pepper,0,Not Suitable
Loamy soil,31.1,73.6,5.7,947,Vavuniya,Dry,Pepper,0,Not Suitable
Loam,27.1,69.9,6.4,1343,Vavuniya,Dry,Pepper,0,Not Suitable
Loamy soil,33.9,59.3,6.6,1352,Vavuniya,Dry,Pepper,0,Not Suitable
Loamy soil,29.2,77.5,6.7,1044,Vavuniya,Dry,Pepper,0,Not Suitable
Loam,33.2,73.2,5.7,1182,Vavuniya,Dry,Pepper,0,Not Suitable
Sandy Clay loam,30.7,65.1,6.5,1296,Vavuniya,Dry,Pepper,0,Not Suitable
Red-Yellow Latosols,33.4,58.3,6.7,1305,Vavuniya,Dry,Pepper,0,Not Suitable
Loam,32.5,60.6,5.5,941,Vavuniya,Dry,Pepper,0,Not Suitable
Red-Yellow Latosols,31.4,70.6,6.0,1393,Vavuniya,Dry,Pepper,0,Not Suitable
Loam,29.3,70.5,6.7,1313,Vavuniya,Dry,Pepper,0,Not Suitable
Sandy Clay loam,32.6,66.5,6.6,1217,Vavuniya,Dry,Pepper,0,Not Suitable
Sandy regosol,30.4,62.3,5.5,985,Vavuniya,Dry,Areca-nut,0,Not Suitable
Loam,32.0,60.2,5.9,1022,Vavuniya,Dry,Areca-nut,0,Not Suitable
Loam,30.9,66.0,5.6,1237,Vavuniya,Dry,Areca-nut,0,Not Suitable
Clay loam,27.9,68.0,5.9,1068,Vavuniya,Dry,Areca-nut,0,Not Suitable
Loamy soils,27.5,75.9,5.7,1246,Vavuniya,Dry,Areca-nut,0,Not Suitable
Sandy loam,27.5,77.5,6.1,1241,Vavuniya,Dry,Areca-nut,0,Not Suitable
Clay loam,31.9,73.1,6.2,1290,Vavuniya,Dry,Areca-nut,0,Not Suitable
Sandy loam,30.0,58.2,6.4,1363,Vavuniya,Dry,Areca-nut,0,Not Suitable
Loamy soils,28.4,76.4,7.0,1357,Vavuniya,Dry,Areca-nut,0,Not Suitable
Loam,33.1,78.0,6.8,1022,Vavuniya,Dry,Areca-nut,0,Not Suitable
Reddish Brown Earth,32.8,62.6,7.0,949,Vavuniya,Dry,Areca-nut,0,Not Suitable
Loamy soil,29.1,75.4,5.5,902,Vavuniya,Dry,Areca-nut,0,Not Suitable
Loamy soils,30.3,62.8,6.3,1245,Vavuniya,Dry,Areca-nut,0,Not Suitable
Loamy soil,27.5,61.3,5.8,1094,Vavuniya,Dry,Areca-nut,0,Not Suitable
Loamy soils,32.5,66.3,6.2,947,Vavuniya,Dry,Areca-nut,0,Not Suitable
Loamy soil,27.6,60.6,6.8,1020,Vavuniya,Dry,Areca-nut,0,Not Suitable
Loamy soils,33.5,74.5,5.9,1067,Vavuniya,Dry,Areca-nut,0,Not Suitable
Loamy soils,30.8,72.4,5.7,1397,Vavuniya,Dry,Areca-nut,0,Not Suitable
Loam,27.3,71.9,6.8,1316,Vavuniya,Dry,Areca-nut,0,Not Suitable
Red loam,31.7,77.1,6.9,1156,Vavuniya,Dry,Areca-nut,0,Not Suitable
Sandy loam,33.8,74.9,5.8,1055,Vavuniya,Dry,Areca-nut,0,Not Suitable
Reddish Brown Earth,30.8,67.1,5.7,1339,Vavuniya,Dry,Areca-nut,0,Not Suitable
Sandy regosol,28.8,73.0,6.0,947,Vavuniya,Dry,Areca-nut,0,Not Suitable
Sandy loam,29.7,70.5,6.8,979,Vavuniya,Dry,Areca-nut,0,Not Suitable
Sandy regosol,30.1,76.3,5.9,1134,Vavuniya,Dry,Areca-nut,0,Not Suitable
Reddish Brown Earth,28.0,58.1,5.7,1166,Vavuniya,Dry,Areca-nut,0,Not Suitable
Sandy regosol,29.7,69.8,5.8,1038,Vavuniya,Dry,Areca-nut,0,Not Suitable
Loam,32.4,76.9,5.7,950,Vavuniya,Dry,Areca-nut,0,Not Suitable
Loamy soils,33.7,58.8,5.5,1389,Vavuniya,Dry,Areca-nut,0,Not Suitable
Loamy soils,33.1,64.1,6.0,1369,Vavuniya,Dry,Areca-nut,0,Not Suitable
